Date,Ticker,Strike,Call/Put,Expiration,DTE,Underlying,Bid-Ask,Spot,Size,Premium,Open Interest,Volume
1/3/2022,SPY,$485,call,1/21/2022,(-81d),$477.23 ,$1.62 - $1.64,$1.64 ,"10,000",$1.64M,17.3K,10.9K
1/3/2022,AMGN,$240,call,4/14/2022,(2d),$222.97 ,$2.94 - $3.10,$3.10 ,"4,500",$1.4M,412,5K
1/3/2022,IGT,$32,call,4/14/2022,(2d),$29.62 ,$2.08 - $2.44,$2.44 ,"5,944",$1.45M,10K,6.9K
1/3/2022,HOOD,$17,put,5/20/2022,(38d),$18.71 ,$2.97 - $3.10,$3.10 ,"9,000",$2.79M,512,9K
1/3/2022,IWM,$222,put,1/21/2022,(-81d),$225.90 ,$2.51 - $2.53,$2.55 ,"3,955",$1.01M,10.5K,4.2K
1/3/2022,BYND,$55,put,3/18/2022,(-25d),$65.47 ,$3.50 - $3.90,$3.75 ,"5,000",$1.88M,54,5K
1/3/2022,UNM,$25,put,6/17/2022,(66d),$25.26 ,$2.30 - $2.45,$2.45 ,"4,200",$1.03M,4.2K,4.2K
1/3/2022,F,$22,call,1/21/2022,(-81d),$21.65 ,$0.65 - $0.66,$0.66 ,"32,500",$2.15M,127K,47.1K
1/3/2022,F,$24,call,2/18/2022,(-53d),$21.65 ,$0.62 - $0.63,$0.63 ,"32,500",$2.05M,19K,48.4K
1/3/2022,XRT,$89,put,2/18/2022,(-53d),$91.65 ,$2.49 - $2.58,$2.58 ,"7,500",$1.94M,6,7.5K
1/3/2022,NRG,$55,call,1/19/2024,(647d),$42.57 ,$2.75 - $3.10,$3.20 ,"8,450",$2.7M,3,20K
1/3/2022,NRG,$55,call,1/19/2024,(647d),$42.56 ,$2.75 - $3.20,$3.10 ,"8,450",$2.62M,3,11.6K
1/3/2022,TLT,$143,put,3/18/2022,(-25d),$145.45 ,$3.10 - $3.30,$3.20 ,"4,250",$1.36M,452,5K
1/3/2022,GDX,$30,put,1/19/2024,(647d),$31.24 ,$2.02 - $7.00,$4.57 ,"4,125",$1.89M,274,4.1K
1/3/2022,QQQ,$405,call,1/21/2022,(-81d),$399.82 ,$3.32 - $3.34,$3.33 ,"4,000",$1.33M,16.4K,5.8K
1/3/2022,IWM,$206,put,1/21/2022,(-81d),$223.98 ,$0.56 - $0.58,$0.58 ,"17,832",$1.03M,27K,17.9K
1/3/2022,BAC,$50,call,1/20/2023,(283d),$46.39 ,$3.40 - $3.55,$3.55 ,"3,000",$1.07M,145.2K,4.5K
1/3/2022,QQQ,$395,put,1/21/2022,(-81d),$400.25 ,$4.07 - $4.11,$4.09 ,"4,000",$1.64M,17.5K,6.3K
1/3/2022,DT,$70,call,5/20/2022,(38d),$58.77 ,$1.25 - $3.90,$3.90 ,"8,365",$3.26M,648,10K
1/3/2022,CCL,$20,put,1/20/2023,(283d),$21.43 ,$3.30 - $3.45,$3.40 ,"3,500",$1.19M,45.3K,3.6K
1/3/2022,C,$63,put,3/18/2022,(-25d),$63.52 ,$2.67 - $2.70,$2.70 ,"4,000",$1.08M,16.6K,4.1K
1/3/2022,WFC,$50,put,1/21/2022,(-81d),$50.50 ,$1.10 - $1.12,$1.11 ,"10,350",$1.15M,41K,12.9K
1/3/2022,T,$25,put,3/18/2022,(-25d),$25.52 ,$1.03 - $1.05,$1.05 ,"14,672",$1.54M,36.6K,21.4K
1/3/2022,SLV,$35,call,1/20/2023,(283d),$21.16 ,$0.56 - $0.58,$0.58 ,"125,000",$7.25M,30.4K,125.4K
1/3/2022,GLD,$210,call,6/30/2022,(79d),$168.29 ,$0.62 - $0.65,$0.64 ,"27,500",$1.76M,557,27.5K
1/3/2022,GLD,$210,call,6/30/2022,(79d),$168.57 ,$0.63 - $0.66,$0.66 ,"23,000",$1.52M,557,50.6K
1/4/2022,SPY,$500,call,3/31/2022,(-12d),$479.65 ,$4.22 - $4.25,$4.25 ,"3,715",$1.58M,11.6K,5.3K
1/4/2022,SPY,$500,call,3/31/2022,(-12d),$479.66 ,$4.22 - $4.26,$4.25 ,"2,449",$1.04M,11.6K,14.2K
1/4/2022,IWM,$225,put,1/21/2022,(-81d),$225.65 ,$3.48 - $3.50,$3.50 ,"3,000",$1.05M,34.9K,3.8K
1/4/2022,AAPL,$300,call,6/16/2023,(430d),$181.81 ,$2.63 - $2.79,$2.75 ,"5,000",$1.38M,15.4K,5K
1/4/2022,V,$225,call,1/21/2022,(-81d),$222.88 ,$2.89 - $3.05,$2.97 ,"3,600",$1.07M,17.4K,5K
1/4/2022,CZR,$105,call,3/18/2022,(-25d),$93.12 ,$3.85 - $4.00,$4.05 ,"2,550",$1.03M,9K,3K
1/4/2022,XLF,$37,put,1/20/2023,(283d),$40.56 ,$2.32 - $2.40,$2.40 ,"10,000",$2.4M,67.1K,10K
1/4/2022,XLF,$45,call,1/20/2023,(283d),$40.56 ,$1.57 - $1.64,$1.62 ,"10,000",$1.62M,65.5K,10.3K
1/4/2022,FLR,$38,call,1/20/2023,(283d),$24.97 ,$1.70 - $2.10,$2.10 ,"10,000",$2.1M,642,10K
1/4/2022,UBER,$35,put,1/20/2023,(283d),$43.07 ,$3.90 - $4.10,$4.01 ,"3,600",$1.44M,47.2K,3.6K
1/4/2022,DT,$65,call,2/18/2022,(-53d),$55.99 ,$1.65 - $1.75,$1.70 ,"8,000",$1.36M,18.2K,8.7K
1/4/2022,DT,$60,call,2/18/2022,(-53d),$55.99 ,$2.95 - $3.20,$3.20 ,"8,000",$2.56M,36.2K,8.5K
1/4/2022,QQQ,$355,put,2/18/2022,(-53d),$395.32 ,$2.63 - $2.67,$2.67 ,"4,000",$1.07M,7.9K,4.6K
1/4/2022,SPY,$480,call,1/21/2022,(-81d),$477.20 ,$3.42 - $3.44,$3.43 ,"3,000",$1.03M,49.4K,14.8K
1/4/2022,C,$65,call,2/18/2022,(-53d),$63.92 ,$1.68 - $1.72,$1.73 ,"10,000",$1.73M,12K,11.6K
1/4/2022,PLTR,$18,put,2/18/2022,(-53d),$18.02 ,$1.43 - $1.45,$1.44 ,"7,500",$1.08M,26K,8.3K
1/4/2022,IWM,$225,put,1/21/2022,(-81d),$225.45 ,$3.49 - $3.51,$3.50 ,"3,000",$1.05M,34.9K,9.3K
1/4/2022,AAPL,$170,put,1/21/2022,(-81d),$179.73 ,$1.06 - $1.07,$1.07 ,"10,000",$1.07M,84.5K,26.8K
1/4/2022,UBER,$43,put,1/21/2022,(-81d),$43.51 ,$1.32 - $1.34,$1.33 ,"11,500",$1.53M,2.8K,12.8K
1/4/2022,GLD,$168,put,3/18/2022,(-25d),$169.48 ,$3.50 - $3.60,$3.55 ,"3,000",$1.07M,1.2K,3K
1/4/2022,GLD,$171,call,3/18/2022,(-25d),$169.48 ,$3.50 - $3.60,$3.55 ,"3,000",$1.07M,498,3K
1/4/2022,SNAP,$45,call,2/18/2022,(-53d),$42.89 ,$3.15 - $3.25,$3.25 ,"18,800",$6.11M,3.2K,22.4K
1/4/2022,QQQ,$390,put,1/21/2022,(-81d),$393.71 ,$4.84 - $4.85,$4.85 ,"2,492",$1.21M,61.9K,17.9K
1/4/2022,SNAP,$45,call,2/18/2022,(-53d),$42.82 ,$3.15 - $3.20,$3.25 ,"18,700",$6.08M,3.2K,22.3K
1/4/2022,GLD,$190,call,6/30/2022,(79d),$169.54 ,$1.93 - $1.98,$1.98 ,"5,500",$1.09M,1.5K,5.5K
1/4/2022,Z,$115,call,1/20/2023,(283d),$61.31 ,$1.24 - $5.00,$3.94 ,"5,000",$1.97M,2.6K,5K
1/4/2022,HTZ,$25,call,2/18/2022,(-53d),$24.53 ,$2.00 - $2.15,$2.15 ,"11,096",$2.39M,6.7K,13.3K
1/4/2022,BAC,$55,call,1/20/2023,(283d),$48.18 ,$2.60 - $2.65,$2.63 ,"6,250",$1.64M,64.1K,7.9K
1/4/2022,XLE,$45,put,1/19/2024,(647d),$59.31 ,$3.90 - $4.20,$4.20 ,"7,000",$2.94M,899,8.5K
1/4/2022,TWLO,$230,put,1/21/2022,(-81d),$248.73 ,$3.15 - $3.40,$3.50 ,"3,861",$1.35M,1.1K,5.2K
1/4/2022,IBB,$175,call,1/20/2023,(283d),$148.08 ,$4.05 - $4.15,$4.15 ,"3,082",$1.28M,3.4K,3.7K
1/4/2022,IBB,$175,call,1/20/2023,(283d),$148.08 ,$3.75 - $4.15,$4.15 ,"2,500",$1.04M,3.4K,6.2K
1/4/2022,F,$20,put,1/20/2023,(283d),$24.27 ,$2.45 - $2.50,$2.50 ,"5,000",$1.25M,28.3K,6.3K
1/4/2022,WFC,$55,call,2/18/2022,(-53d),$52.79 ,$1.18 - $1.24,$1.22 ,"11,000",$1.34M,4.1K,15K
1/4/2022,SPY,$480,call,1/21/2022,(-81d),$478.13 ,$3.57 - $3.59,$3.58 ,"5,000",$1.79M,49.4K,24K
1/5/2022,IWM,$210,put,3/18/2022,(-25d),$225.13 ,$3.95 - $3.99,$4.01 ,"3,000",$1.2M,42.3K,3K
1/5/2022,QQQ,$265,put,6/17/2022,(66d),$395.07 ,$2.43 - $2.53,$2.53 ,"5,000",$1.26M,7K,5K
1/5/2022,WFC,$58,call,1/20/2023,(283d),$52.84 ,$4.30 - $4.50,$4.50 ,"3,400",$1.53M,1.8K,3.4K
1/5/2022,WFC,$55,call,6/17/2022,(66d),$52.84 ,$3.15 - $3.25,$3.25 ,"3,300",$1.07M,7.1K,3.3K
1/5/2022,MPC,$75,call,4/14/2022,(2d),$69.56 ,$2.45 - $2.53,$2.50 ,"15,000",$3.75M,1.2K,15K
1/5/2022,ZEN,$115,call,3/18/2022,(-25d),$100.03 ,$3.20 - $3.80,$3.75 ,"9,044",$3.39M,21,9K
1/5/2022,ISEE,$35,call,1/20/2023,(283d),$15.21 ,$0.00 - $5.00,$3.90 ,"3,000",$1.17M,1,3K
1/5/2022,TSM,$115,put,4/14/2022,(2d),$128.76 ,$3.70 - $3.95,$3.95 ,"3,000",$1.19M,6.7K,3.1K
1/5/2022,NRG,$55,call,1/19/2024,(647d),$41.27 ,$2.60 - $3.30,$3.30 ,"14,786",$4.88M,20.6K,15K
1/5/2022,SPY,$480,call,1/21/2022,(-81d),$477.32 ,$3.09 - $3.10,$3.10 ,"15,000",$4.65M,56.6K,17.5K
1/5/2022,SPY,$470,put,1/24/2022,(-78d),$476.94 ,$2.99 - $3.01,$3.00 ,"12,600",$3.78M,2.7K,12.6K
1/5/2022,TRIP,$20,put,1/19/2024,(647d),$28.96 ,$1.63 - $3.45,$3.30 ,"6,056",$2M,41,6.1K
1/5/2022,MRK,$85,call,3/18/2022,(-25d),$79.19 ,$0.95 - $1.01,$1.00 ,"17,961",$1.8M,2.9K,20.5K
1/5/2022,MU,$100,call,2/18/2022,(-53d),$98.36 ,$4.55 - $4.65,$4.65 ,"10,000",$4.65M,13.4K,14.6K
1/5/2022,GLD,$200,call,9/30/2022,(171d),$170.37 ,$2.35 - $2.39,$2.39 ,"5,700",$1.36M,61,5.7K
1/5/2022,XOP,$75,put,3/18/2022,(-25d),$105.03 ,$0.56 - $0.62,$0.62 ,"24,072",$1.49M,30.9K,25.1K
1/5/2022,XOP,$85,put,3/18/2022,(-25d),$105.03 ,$1.39 - $1.54,$1.53 ,"24,072",$3.68M,6.8K,25K
1/5/2022,GLD,$215,call,9/16/2022,(157d),$170.27 ,$1.27 - $1.31,$1.30 ,"25,000",$3.25M,58,25K
1/5/2022,FXI,$35,put,9/16/2022,(157d),$35.65 ,$2.64 - $2.73,$2.69 ,"5,000",$1.35M,14.1K,5K
1/5/2022,MU,$100,call,2/18/2022,(-53d),$96.88 ,$3.90 - $3.95,$3.94 ,"4,800",$1.89M,13.4K,19.7K
1/5/2022,XLU,$65,put,1/20/2023,(283d),$71.23 ,$2.95 - $3.20,$3.10 ,"10,000",$3.1M,5.8K,10K
1/5/2022,QQQ,$355,put,1/21/2022,(-81d),$391.68 ,$0.62 - $0.63,$0.63 ,"21,168",$1.33M,85.2K,33.2K
1/5/2022,QQQ,$345,put,2/18/2022,(-53d),$391.67 ,$2.22 - $2.26,$2.25 ,"8,168",$1.84M,14.1K,9.7K
1/5/2022,HYFM,$23,put,6/17/2022,(66d),$23.36 ,$4.10 - $4.40,$4.30 ,"2,914",$1.25M,3.4K,3K
1/5/2022,KRE,$70,put,6/17/2022,(66d),$74.91 ,$3.50 - $3.65,$3.63 ,"3,350",$1.22M,985,12.2K
1/5/2022,VALE,$13,put,6/17/2022,(66d),$13.88 ,$1.36 - $1.47,$1.46 ,"10,000",$1.46M,3.4K,10.1K
1/5/2022,KSS,$53,call,4/14/2022,(2d),$49.16 ,$3.55 - $3.75,$3.75 ,"7,050",$2.64M,1.1K,7.1K
1/5/2022,IWM,$210,put,2/18/2022,(-53d),$220.66 ,$3.32 - $3.35,$3.35 ,"9,066",$3.04M,10K,21.4K
1/5/2022,EEM,$44,put,12/16/2022,(248d),$48.59 ,$2.64 - $2.78,$2.71 ,"6,500",$1.76M,95,6.5K
1/5/2022,HYG,$82,put,4/14/2022,(2d),$86.28 ,$0.56 - $0.81,$0.80 ,"15,000",$1.2M,17.7K,15K
1/5/2022,HYG,$86,put,4/14/2022,(2d),$86.28 ,$1.31 - $1.91,$1.76 ,"15,000",$2.64M,29.4K,15.1K
1/5/2022,IWM,$215,put,2/18/2022,(-53d),$219.86 ,$4.95 - $4.99,$4.99 ,"2,250",$1.12M,57.9K,35.2K
1/5/2022,MQ,$15,put,2/18/2022,(-53d),$15.53 ,$1.35 - $1.50,$1.50 ,"15,000",$2.25M,8K,15.1K
1/5/2022,SE,$180,put,1/7/2022,(-95d),$183.36 ,$3.80 - $4.20,$4.37 ,"2,500",$1.09M,902,8.3K
1/5/2022,EWC,$38,call,1/20/2023,(283d),$37.90 ,$2.60 - $2.95,$2.95 ,"5,000",$1.48M,10K,5K
1/5/2022,AAPL,$170,put,2/18/2022,(-53d),$175.67 ,$4.90 - $5.00,$4.95 ,"3,000",$1.49M,12.6K,4.6K
1/5/2022,IWP,$106,put,2/18/2022,(-53d),$108.45 ,$2.40 - $2.80,$2.80 ,"5,000",$1.4M,13,5K
1/5/2022,PBR,$12,call,1/20/2023,(283d),$10.76 ,$0.97 - $0.99,$0.98 ,"12,000",$1.18M,23.2K,12.4K
1/5/2022,IWM,$227,call,1/21/2022,(-81d),$218.36 ,$0.80 - $0.83,$0.82 ,"15,100",$1.24M,25.6K,15.9K
1/5/2022,SBSW,$20,call,1/19/2024,(647d),$12.82 ,$0.85 - $1.75,$1.41 ,"10,000",$1.41M,59,10K
1/5/2022,SBSW,$15,call,1/20/2023,(283d),$12.82 ,$1.40 - $1.70,$1.70 ,"10,000",$1.7M,4.1K,10K
1/5/2022,SPY,$465,put,1/12/2022,(-90d),$471.16 ,$1.64 - $1.65,$1.78 ,"8,000",$1.42M,5.8K,16.1K
1/5/2022,IWM,$218,put,1/31/2022,(-71d),$218.47 ,$4.79 - $4.88,$4.88 ,"5,000",$2.44M,194,5.1K
1/5/2022,XLV,$138,call,2/18/2022,(-53d),$136.71 ,$2.29 - $2.47,$2.38 ,"5,000",$1.19M,553,5.1K
1/5/2022,IWM,$210,put,2/18/2022,(-53d),$217.30 ,$4.43 - $4.44,$4.44 ,"8,805",$3.91M,10K,66.7K
1/5/2022,IWM,$208,put,2/18/2022,(-53d),$217.33 ,$3.95 - $3.98,$3.98 ,"7,229",$2.88M,4.3K,23.3K
1/5/2022,IWM,$208,put,2/18/2022,(-53d),$217.30 ,$3.91 - $3.98,$3.98 ,"7,275",$2.9M,4.3K,31.3K
1/5/2022,SPY,$435,put,1/28/2022,(-74d),$468.81 ,$1.54 - $1.56,$1.57 ,"12,000",$1.88M,2.7K,12.5K
1/5/2022,SPY,$458,put,1/28/2022,(-74d),$468.81 ,$4.30 - $4.34,$4.39 ,"12,000",$5.27M,612,12.4K
1/5/2022,SPY,$446,put,1/28/2022,(-74d),$468.81 ,$2.48 - $2.50,$2.55 ,"10,000",$2.55M,12.4K,11.3K
1/5/2022,SPY,$446,put,1/28/2022,(-74d),$468.91 ,$2.47 - $2.50,$2.54 ,"4,000",$1.02M,12.4K,15.3K
1/5/2022,SPY,$446,put,1/28/2022,(-74d),$469.03 ,$2.42 - $2.46,$2.55 ,"6,000",$1.53M,12.4K,11.3K
1/6/2022,DT,$55,call,2/18/2022,(-53d),$52.85 ,$2.95 - $3.60,$3.33 ,"9,800",$3.26M,166,35K
1/6/2022,DT,$55,call,2/18/2022,(-53d),$52.85 ,$2.95 - $3.60,$3.33 ,"9,800",$3.26M,166,35K
1/6/2022,DT,$55,call,2/18/2022,(-53d),$52.85 ,$2.95 - $3.60,$3.32 ,"25,200",$8.37M,166,25.2K
1/6/2022,AAPL,$170,put,1/21/2022,(-81d),$174.02 ,$2.54 - $2.56,$2.55 ,"5,000",$1.27M,88K,10.7K
1/6/2022,FXI,$35,put,2/18/2022,(-53d),$35.71 ,$0.97 - $1.01,$1.01 ,"10,000",$1.01M,22K,12.1K
1/6/2022,BYND,$80,call,3/18/2022,(-25d),$65.20 ,$3.30 - $3.55,$3.65 ,"3,000",$1.1M,145,3K
1/6/2022,MU,$96,call,1/21/2022,(-81d),$95.26 ,$2.66 - $2.70,$2.70 ,"12,000",$3.24M,669,12.6K
1/6/2022,RCL,$85,call,3/18/2022,(-25d),$80.55 ,$4.70 - $4.85,$4.80 ,"2,125",$1.02M,2.1K,2.7K
1/6/2022,CCL,$23,call,3/18/2022,(-25d),$21.43 ,$1.51 - $1.53,$1.53 ,"7,500",$1.15M,18.2K,7.8K
1/6/2022,EEM,$50,call,9/16/2022,(157d),$48.51 ,$2.69 - $2.86,$2.78 ,"7,500",$2.09M,2.1K,7.5K
1/6/2022,QQQ,$370,put,1/21/2022,(-81d),$386.10 ,$2.67 - $2.71,$2.70 ,"7,500",$2.03M,62.9K,13.8K
1/6/2022,SPY,$425,put,2/18/2022,(-53d),$469.61 ,$2.39 - $2.42,$2.43 ,"14,037",$3.41M,29.6K,29.8K
1/6/2022,XLF,$38,put,4/14/2022,(2d),$40.63 ,$0.96 - $1.00,$0.99 ,"17,000",$1.68M,103,17K
1/6/2022,XLF,$38,put,4/14/2022,(2d),$40.64 ,$0.96 - $1.00,$1.00 ,"17,000",$1.7M,103,17K
1/6/2022,TRQ,$14,put,2/18/2022,(-53d),$15.62 ,$0.40 - $0.60,$0.55 ,"25,000",$1.38M,21,25K
1/6/2022,KWEB,$40,call,1/20/2023,(283d),$35.48 ,$4.80 - $4.90,$4.85 ,"10,000",$4.85M,359,10.1K
1/6/2022,FSR,$15,put,5/20/2022,(38d),$16.48 ,$2.38 - $2.55,$2.47 ,"5,000",$1.24M,2.4K,5K
1/6/2022,QQQ,$305,put,3/18/2022,(-25d),$384.93 ,$2.08 - $2.11,$2.11 ,"10,000",$2.11M,45.9K,10K
1/6/2022,XLF,$42,call,2/18/2022,(-53d),$40.58 ,$0.52 - $0.53,$0.53 ,"68,869",$3.65M,7.5K,69.4K
1/6/2022,LQD,$127,put,2/18/2022,(-53d),$130.37 ,$0.55 - $0.62,$0.63 ,"29,987",$1.89M,13.3K,30K
1/6/2022,AMD,$140,call,1/21/2022,(-81d),$135.11 ,$3.45 - $3.55,$3.50 ,"3,750",$1.31M,62.9K,10.2K
1/6/2022,DVN,$50,call,4/14/2022,(2d),$48.62 ,$3.95 - $4.15,$4.13 ,"28,761",$11.9M,1.6K,28.8K
1/6/2022,DVN,$50,call,1/21/2022,(-81d),$48.62 ,$1.21 - $1.25,$1.27 ,"28,761",$3.65M,62.7K,30.1K
1/6/2022,CMCSA,$58,call,1/20/2023,(283d),$50.69 ,$2.38 - $2.56,$2.47 ,"5,500",$1.36M,12.5K,5.5K
1/6/2022,CMCSA,$40,put,1/20/2023,(283d),$50.69 ,$2.04 - $2.18,$2.11 ,"5,500",$1.16M,5K,5.7K
1/6/2022,BAC,$40,put,1/20/2023,(283d),$48.01 ,$2.40 - $2.45,$2.44 ,"6,000",$1.46M,52.4K,6.2K
1/6/2022,DKNG,$30,call,4/14/2022,(2d),$26.32 ,$2.75 - $2.85,$2.82 ,"4,000",$1.13M,2.4K,4.6K
1/6/2022,QQQ,$340,put,3/18/2022,(-25d),$385.85 ,$4.90 - $4.96,$4.94 ,"7,000",$3.46M,18.4K,7.3K
1/6/2022,EEM,$51,call,6/17/2022,(66d),$48.51 ,$1.41 - $1.55,$1.48 ,"10,000",$1.48M,38.1K,30K
1/6/2022,TLT,$142,put,3/18/2022,(-25d),$143.14 ,$3.65 - $3.75,$3.70 ,"15,000",$5.55M,1.4K,15.1K
1/6/2022,EEM,$51,call,6/17/2022,(66d),$48.49 ,$1.41 - $1.55,$1.48 ,"10,000",$1.48M,38.1K,40K
1/6/2022,IWM,$170,put,9/16/2022,(157d),$219.32 ,$4.84 - $5.08,$4.99 ,"3,200",$1.6M,3.9K,3.2K
1/6/2022,MPC,$75,call,4/14/2022,(2d),$70.27 ,$2.70 - $2.77,$2.82 ,"4,942",$1.39M,17K,10.4K
1/6/2022,XLF,$43,call,3/18/2022,(-25d),$40.66 ,$0.53 - $0.56,$0.56 ,"28,563",$1.6M,34K,35K
1/6/2022,KRE,$73,put,3/18/2022,(-25d),$76.58 ,$2.33 - $2.46,$2.46 ,"10,000",$2.46M,1K,10K
1/6/2022,AAPL,$190,call,3/18/2022,(-25d),$171.70 ,$2.67 - $2.71,$2.70 ,"11,500",$3.11M,12.3K,16.7K
1/6/2022,F,$40,call,1/19/2024,(647d),$24.44 ,$2.65 - $2.74,$2.70 ,"8,000",$2.16M,13K,8.6K
1/7/2022,BBWI,$62,call,2/4/2022,(-67d),$60.95 ,$2.02 - $2.88,$2.80 ,"4,000",$1.12M,2,4K
1/7/2022,F,$17,put,1/20/2023,(283d),$24.23 ,$1.38 - $1.45,$1.45 ,"7,000",$1.01M,46.8K,7K
1/7/2022,F,$17,put,1/20/2023,(283d),$24.19 ,$1.38 - $1.45,$1.45 ,"7,000",$1.01M,46.8K,14K
1/7/2022,IWM,$215,put,1/31/2022,(-71d),$218.23 ,$4.03 - $4.08,$4.08 ,"4,675",$1.91M,3.9K,4.7K
1/7/2022,IWM,$220,call,1/21/2022,(-81d),$218.23 ,$3.13 - $3.16,$3.18 ,"7,792",$2.48M,55.3K,8.6K
1/7/2022,XLF,$42,call,4/14/2022,(2d),$40.91 ,$1.26 - $1.30,$1.30 ,"15,000",$1.95M,1.1K,15K
1/7/2022,UBER,$45,call,3/18/2022,(-25d),$41.41 ,$2.20 - $2.28,$2.26 ,"4,500",$1.02M,31.5K,4.6K
1/7/2022,QQQ,$400,call,2/18/2022,(-53d),$379.91 ,$3.39 - $3.44,$3.43 ,"3,000",$1.03M,14.9K,3.8K
1/7/2022,IWM,$207,put,2/18/2022,(-53d),$216.25 ,$4.30 - $4.34,$4.33 ,"3,500",$1.52M,430,13.5K
1/7/2022,GDX,$27,put,6/17/2022,(66d),$29.75 ,$1.11 - $1.16,$1.16 ,"15,000",$1.74M,18.3K,15K
1/7/2022,SPY,$440,put,1/31/2022,(-71d),$465.68 ,$2.32 - $2.34,$2.34 ,"11,961",$2.8M,1.5K,12.9K
1/7/2022,XLF,$41,call,2/18/2022,(-53d),$40.93 ,$1.14 - $1.16,$1.15 ,"10,000",$1.15M,40.7K,10.8K
1/7/2022,EMB,$105,put,3/18/2022,(-25d),$106.34 ,$1.40 - $1.47,$1.45 ,"20,000",$2.9M,56.4K,20K
1/7/2022,ADI,$155,put,2/18/2022,(-53d),$167.26 ,$1.90 - $2.95,$2.66 ,"9,861",$2.62M,78,10K
1/7/2022,IWM,$220,call,1/21/2022,(-81d),$218.00 ,$2.99 - $3.01,$3.01 ,"5,500",$1.66M,55.3K,15.2K
1/7/2022,KRE,$73,put,6/17/2022,(66d),$77.24 ,$4.10 - $4.25,$4.20 ,"5,000",$2.1M,375,5K
1/7/2022,SPY,$460,put,1/26/2022,(-76d),$466.91 ,$4.52 - $4.54,$4.53 ,"3,012",$1.36M,356,16.5K
1/7/2022,SPY,$460,put,1/26/2022,(-76d),$466.91 ,$4.52 - $4.54,$4.54 ,"3,014",$1.37M,356,13.5K
1/7/2022,SPY,$460,put,1/26/2022,(-76d),$466.91 ,$4.52 - $4.54,$4.53 ,"6,027",$2.73M,356,10.5K
1/7/2022,IWM,$230,call,2/18/2022,(-53d),$217.58 ,$1.93 - $1.96,$1.95 ,"6,000",$1.17M,13.6K,13.1K
1/7/2022,KWEB,$38,call,2/18/2022,(-53d),$36.33 ,$1.58 - $1.62,$1.61 ,"7,400",$1.19M,5.5K,7.9K
1/7/2022,SPY,$453,put,1/21/2022,(-81d),$466.95 ,$2.16 - $2.17,$2.17 ,"7,500",$1.63M,17.7K,10.1K
1/7/2022,WFC,$60,call,6/17/2022,(66d),$55.00 ,$2.47 - $2.54,$2.54 ,"5,000",$1.27M,12.4K,5.2K
1/7/2022,DVN,$55,call,4/14/2022,(2d),$49.63 ,$2.80 - $2.89,$2.85 ,"26,181",$7.46M,3.9K,28.8K
1/7/2022,DVN,$50,call,1/21/2022,(-81d),$49.63 ,$1.63 - $1.71,$1.70 ,"26,181",$4.45M,55K,29.7K
1/7/2022,IFF,$145,call,2/18/2022,(-53d),$142.61 ,$3.70 - $4.10,$4.10 ,"10,000",$4.1M,49,10K
1/7/2022,CMCSA,$50,put,3/18/2022,(-25d),$50.36 ,$2.05 - $2.09,$2.08 ,"10,000",$2.08M,5.9K,10.1K
1/7/2022,AAPL,$125,put,9/16/2022,(157d),$172.30 ,$3.00 - $3.10,$3.05 ,"6,300",$1.92M,12.9K,6.6K
1/7/2022,GDX,$28,put,9/16/2022,(157d),$30.08 ,$1.86 - $1.91,$1.91 ,"6,000",$1.15M,4.1K,6K
1/7/2022,QQQ,$376,put,1/14/2022,(-88d),$379.75 ,$3.56 - $3.60,$3.59 ,"4,059",$1.46M,7.6K,10.3K
1/7/2022,IWP,$105,put,1/21/2022,(-81d),$106.87 ,$1.25 - $1.45,$1.40 ,"7,500",$1.05M,32,7.5K
1/7/2022,IWM,$205,put,2/18/2022,(-53d),$216.95 ,$3.40 - $3.43,$3.43 ,"3,500",$1.2M,15.4K,4.8K
1/7/2022,ARKK,$82,put,2/18/2022,(-53d),$84.67 ,$4.60 - $4.75,$4.80 ,"6,000",$2.88M,221,6.1K
1/7/2022,FCX,$45,call,8/19/2022,(129d),$41.98 ,$4.35 - $4.55,$4.55 ,"3,000",$1.37M,317,3K
1/7/2022,XLE,$63,call,4/14/2022,(2d),$61.27 ,$2.59 - $2.67,$2.67 ,"13,000",$3.47M,8,13K
1/7/2022,SPY,$470,call,1/21/2022,(-81d),$466.82 ,$3.49 - $3.51,$3.50 ,"10,000",$3.5M,90.9K,36.7K
1/10/2022,SPY,$450,put,1/28/2022,(-74d),$459.19 ,$4.97 - $5.00,$5.00 ,"10,000",$5M,11K,10.2K
1/10/2022,FXI,$40,call,5/20/2022,(38d),$36.48 ,$0.95 - $0.97,$0.96 ,"12,500",$1.2M,48.8K,12.8K
1/10/2022,ADI,$160,put,1/21/2022,(-81d),$165.77 ,$1.40 - $1.70,$1.70 ,"8,000",$1.36M,8.8K,8.1K
1/10/2022,QQQ,$340,put,2/18/2022,(-53d),$370.70 ,$4.70 - $4.75,$4.75 ,"3,000",$1.43M,20.6K,3.3K
1/10/2022,GDX,$35,call,1/20/2023,(283d),$29.90 ,$2.03 - $2.10,$2.10 ,"5,000",$1.05M,23.7K,5K
1/10/2022,GDX,$28,put,1/20/2023,(283d),$29.90 ,$2.55 - $2.78,$2.80 ,"5,000",$1.4M,19.6K,5K
1/10/2022,CCJ,$26,call,3/18/2022,(-25d),$23.14 ,$1.42 - $1.48,$1.45 ,"10,000",$1.45M,1.4K,10K
1/10/2022,SPY,$435,put,1/28/2022,(-74d),$458.58 ,$2.41 - $2.42,$2.54 ,"5,000",$1.27M,15.2K,6.4K
1/10/2022,XLF,$38,put,1/20/2023,(283d),$40.69 ,$2.89 - $2.99,$2.99 ,"7,500",$2.24M,35.7K,7.8K
1/10/2022,QQQ,$355,put,1/21/2022,(-81d),$370.27 ,$2.70 - $2.72,$2.72 ,"32,110",$8.73M,133.3K,49.8K
1/10/2022,CCJ,$26,call,3/18/2022,(-25d),$22.90 ,$1.36 - $1.42,$1.41 ,"9,000",$1.27M,1.4K,21.1K
1/10/2022,IWM,$218,call,2/18/2022,(-53d),$211.88 ,$4.12 - $4.16,$4.15 ,"5,000",$2.08M,3.7K,5.1K
1/10/2022,IEF,$112,put,3/18/2022,(-25d),$112.57 ,$1.08 - $1.26,$1.17 ,"10,000",$1.17M,275,10K
1/10/2022,LVS,$36,call,3/18/2022,(-25d),$35.68 ,$2.73 - $2.84,$2.79 ,"15,000",$4.18M,1.1K,15.1K
1/10/2022,LVS,$40,call,3/18/2022,(-25d),$35.68 ,$1.32 - $1.39,$1.36 ,"15,000",$2.04M,39.4K,15.9K
1/10/2022,BAC,$50,call,1/20/2023,(283d),$48.51 ,$4.75 - $4.85,$4.80 ,"8,000",$3.84M,150.1K,9.6K
1/10/2022,ARKK,$79,put,1/28/2022,(-74d),$81.93 ,$2.92 - $3.05,$3.05 ,"5,000",$1.53M,1.2K,5.2K
1/10/2022,SPY,$472,call,2/25/2022,(-46d),$458.46 ,$4.67 - $4.71,$4.70 ,"3,622",$1.7M,80,4.4K
1/10/2022,XLF,$39,put,1/20/2023,(283d),$40.70 ,$3.30 - $3.40,$3.35 ,"3,500",$1.17M,18.3K,3.8K
1/10/2022,QQQ,$330,put,2/18/2022,(-53d),$370.98 ,$3.05 - $3.08,$3.07 ,"18,183",$5.58M,25.9K,39.4K
1/10/2022,XLF,$39,put,1/20/2023,(283d),$40.69 ,$3.30 - $3.35,$3.35 ,"4,000",$1.34M,18.3K,7.8K
1/10/2022,F,$20,put,1/20/2023,(283d),$23.63 ,$2.57 - $2.64,$2.64 ,"7,500",$1.98M,30.1K,7.8K
1/10/2022,AFRM,$95,call,2/18/2022,(-53d),$74.10 ,$3.50 - $3.65,$3.62 ,"14,400",$5.21M,29K,28.5K
1/10/2022,AA,$65,call,2/18/2022,(-53d),$60.86 ,$3.10 - $3.20,$3.15 ,"12,158",$3.83M,1.4K,12.5K
1/10/2022,MSFT,$325,call,2/11/2022,(-60d),$307.02 ,$3.65 - $4.95,$4.55 ,"2,360",$1.07M,189,2.5K
1/10/2022,DVN,$50,call,2/18/2022,(-53d),$47.66 ,$2.38 - $2.53,$2.50 ,"12,074",$3.02M,2.6K,12.2K
1/10/2022,DG,$230,put,2/18/2022,(-53d),$237.54 ,$4.30 - $4.50,$4.50 ,"3,699",$1.66M,1.1K,4K
1/10/2022,XME,$48,call,6/17/2022,(66d),$45.42 ,$2.75 - $2.95,$2.90 ,"5,000",$1.45M,24,5K
1/10/2022,SE,$170,put,1/14/2022,(-88d),$176.38 ,$4.45 - $4.80,$5.00 ,"2,250",$1.13M,883,2.8K
1/10/2022,EEM,$39,put,1/20/2023,(283d),$48.79 ,$1.49 - $1.81,$1.81 ,"6,000",$1.09M,748,6K
1/10/2022,KBH,$42,call,2/18/2022,(-53d),$40.10 ,$1.25 - $1.50,$1.40 ,"9,046",$1.27M,95,10K
1/10/2022,GE,$100,call,2/18/2022,(-53d),$99.82 ,$4.25 - $4.35,$4.30 ,"3,400",$1.46M,1.7K,3.4K
1/10/2022,GLD,$180,call,9/16/2022,(157d),$168.19 ,$4.45 - $4.55,$4.55 ,"10,000",$4.55M,1.7K,10.1K
1/10/2022,BA,$210,call,1/21/2022,(-81d),$208.30 ,$4.10 - $4.30,$4.20 ,"3,900",$1.64M,22.5K,5.6K
1/10/2022,IWM,$210,put,1/21/2022,(-81d),$214.66 ,$2.06 - $2.08,$2.08 ,"5,000",$1.04M,80.5K,21K
1/11/2022,IWM,$205,put,2/18/2022,(-53d),$214.18 ,$3.82 - $3.88,$3.85 ,"4,000",$1.54M,25.4K,4K
1/11/2022,AAPL,$173,call,1/28/2022,(-74d),$171.34 ,$4.25 - $4.30,$4.30 ,"3,110",$1.34M,2.4K,6.5K
1/11/2022,IWM,$210,put,1/21/2022,(-81d),$213.97 ,$2.38 - $2.41,$2.41 ,"5,000",$1.21M,77.8K,8.2K
1/11/2022,UPS,$220,call,3/18/2022,(-25d),$208.82 ,$4.65 - $5.15,$5.00 ,"3,000",$1.5M,12.1K,3.2K
1/11/2022,VXX,$17,put,6/17/2022,(66d),$18.68 ,$4.15 - $4.25,$4.20 ,"10,000",$4.2M,1.6K,13.5K
1/11/2022,EEM,$55,call,9/16/2022,(157d),$49.65 ,$1.23 - $1.42,$1.35 ,"8,000",$1.08M,21.6K,8K
1/11/2022,FXI,$38,call,3/18/2022,(-25d),$37.51 ,$1.39 - $1.46,$1.44 ,"8,750",$1.26M,16.5K,8.8K
1/11/2022,FXI,$36,put,6/17/2022,(66d),$37.50 ,$1.88 - $1.98,$1.93 ,"16,000",$3.09M,24.4K,16K
1/11/2022,QQQ,$360,put,1/21/2022,(-81d),$378.61 ,$1.53 - $1.57,$1.61 ,"10,000",$1.61M,35.9K,19K
1/11/2022,XLF,$38,put,3/18/2022,(-25d),$41.03 ,$0.62 - $0.64,$0.63 ,"20,000",$1.26M,56.7K,20K
1/11/2022,LQD,$127,put,3/18/2022,(-25d),$129.68 ,$1.00 - $1.12,$1.07 ,"10,000",$1.07M,19.5K,10K
1/11/2022,XLE,$63,call,2/18/2022,(-53d),$62.02 ,$1.80 - $1.84,$1.82 ,"18,000",$3.28M,37.5K,18.2K
1/11/2022,XLE,$63,call,2/18/2022,(-53d),$62.02 ,$1.80 - $1.84,$1.83 ,"14,000",$2.56M,37.5K,32.2K
1/11/2022,LQD,$122,put,5/20/2022,(38d),$129.85 ,$0.86 - $1.02,$1.00 ,"15,000",$1.5M,0,15K
1/11/2022,LQD,$127,put,5/20/2022,(38d),$129.85 ,$1.69 - $2.09,$2.07 ,"5,000",$1.03M,0,10K
1/11/2022,LQD,$127,put,5/20/2022,(38d),$129.85 ,$1.69 - $2.09,$2.08 ,"5,000",$1.04M,0,5K
1/11/2022,BABA,$135,call,1/21/2022,(-81d),$131.98 ,$3.25 - $3.35,$3.31 ,"3,400",$1.13M,8.8K,10.9K
1/11/2022,SCPL,$15,call,5/20/2022,(38d),$12.69 ,$0.80 - $1.00,$0.90 ,"20,000",$1.8M,13,20K
1/11/2022,SCPL,$13,put,5/20/2022,(38d),$12.69 ,$1.45 - $1.70,$1.60 ,"10,000",$1.6M,2,10K
1/11/2022,MLCO,$13,call,1/20/2023,(283d),$9.52 ,$1.40 - $1.60,$1.50 ,"11,748",$1.76M,3.8K,13.7K
1/11/2022,XLE,$63,call,6/17/2022,(66d),$62.53 ,$4.15 - $4.35,$4.27 ,"6,660",$2.84M,412,9.2K
1/11/2022,XLE,$63,call,6/17/2022,(66d),$62.53 ,$4.15 - $4.35,$4.26 ,"2,510",$1.07M,412,2.5K
1/11/2022,SWTX,$70,call,2/18/2022,(-53d),$54.94 ,$1.50 - $6.50,$4.10 ,"2,500",$1.02M,1,2.5K
1/11/2022,XLF,$38,put,6/17/2022,(66d),$41.10 ,$1.37 - $1.40,$1.40 ,"7,500",$1.05M,57.6K,12.5K
1/11/2022,BP,$32,call,4/14/2022,(2d),$30.43 ,$1.04 - $1.06,$1.07 ,"9,682",$1.04M,32K,10.1K
1/11/2022,PLTK,$20,call,5/20/2022,(38d),$18.68 ,$1.55 - $1.80,$1.69 ,"10,000",$1.69M,404,10K
1/11/2022,SPY,$460,put,1/21/2022,(-81d),$468.11 ,$2.30 - $2.32,$2.32 ,"5,000",$1.16M,93.6K,26.1K
1/11/2022,EEM,$50,call,3/18/2022,(-25d),$49.93 ,$1.47 - $1.50,$1.50 ,"10,000",$1.5M,25.5K,10.7K
1/11/2022,FXI,$39,call,2/18/2022,(-53d),$37.78 ,$0.75 - $0.77,$0.76 ,"26,000",$1.98M,64.4K,31.9K
1/11/2022,XLF,$37,put,5/20/2022,(38d),$41.34 ,$0.90 - $0.93,$0.92 ,"13,000",$1.2M,1.1K,13K
1/11/2022,EEM,$50,put,3/18/2022,(-25d),$50.02 ,$1.44 - $1.50,$1.48 ,"13,000",$1.92M,75.2K,25.3K
1/11/2022,NVDA,$330,call,2/18/2022,(-53d),$276.67 ,$3.30 - $3.35,$3.35 ,"13,600",$4.56M,5.4K,14.2K
1/11/2022,XLE,$65,call,4/14/2022,(2d),$63.13 ,$2.63 - $2.76,$2.71 ,"13,000",$3.52M,186,13.1K
1/11/2022,XLK,$150,put,3/18/2022,(-25d),$167.95 ,$1.98 - $2.40,$2.28 ,"4,419",$1.01M,974,4.6K
1/12/2022,IWM,$209,put,2/18/2022,(-53d),$218.65 ,$3.21 - $3.21,$3.21 ,"7,717",$2.48M,4.9K,19K
1/12/2022,IWM,$209,put,2/18/2022,(-53d),$218.70 ,$3.20 - $3.22,$3.21 ,"6,710",$2.15M,4.9K,28.3K
1/12/2022,SPY,$465,put,2/4/2022,(-67d),$471.92 ,$4.69 - $4.71,$4.71 ,"2,477",$1.17M,1K,2.5K
1/12/2022,SPY,$465,put,2/4/2022,(-67d),$471.70 ,$4.76 - $4.79,$4.78 ,"4,600",$2.2M,1K,9.3K
1/12/2022,DT,$65,call,5/20/2022,(38d),$57.99 ,$4.60 - $4.90,$4.80 ,"4,387",$2.11M,218,5.2K
1/12/2022,EEM,$51,call,6/17/2022,(66d),$50.70 ,$2.27 - $2.59,$2.43 ,"5,000",$1.22M,67.3K,5K
1/12/2022,F,$26,call,3/18/2022,(-25d),$24.73 ,$1.38 - $1.40,$1.40 ,"20,000",$2.8M,9.8K,21.5K
1/12/2022,F,$26,call,1/21/2022,(-81d),$24.73 ,$0.24 - $0.25,$0.40 ,"30,000",$1.2M,47.2K,31.8K
1/12/2022,QQQ,$385,put,1/18/2022,(-84d),$389.76 ,$2.01 - $2.06,$2.04 ,"5,000",$1.02M,1.5K,5.7K
1/12/2022,IWM,$220,call,1/31/2022,(-71d),$218.10 ,$3.20 - $3.25,$3.23 ,"4,000",$1.29M,219,4K
1/12/2022,SPY,$410,put,2/25/2022,(-46d),$472.92 ,$1.15 - $1.17,$1.17 ,"15,500",$1.81M,209,15.6K
1/12/2022,SPY,$390,put,2/25/2022,(-46d),$472.92 ,$0.69 - $0.71,$0.70 ,"31,000",$2.17M,201,31.6K
1/12/2022,OVV,$45,call,4/14/2022,(2d),$39.45 ,$2.15 - $2.35,$2.30 ,"16,762",$3.86M,381,16.8K
1/12/2022,F,$26,call,3/18/2022,(-25d),$24.29 ,$1.22 - $1.24,$1.24 ,"10,000",$1.24M,9.8K,32.9K
1/12/2022,WFC,$58,call,2/18/2022,(-53d),$56.25 ,$1.50 - $1.52,$1.54 ,"26,600",$4.1M,19.9K,28.7K
1/12/2022,IWM,$200,put,4/14/2022,(2d),$216.18 ,$4.95 - $5.03,$4.99 ,"2,500",$1.25M,26,7.1K
1/12/2022,WFC,$58,call,3/18/2022,(-25d),$56.08 ,$2.13 - $2.18,$2.16 ,"9,250",$2M,2.4K,9.5K
1/12/2022,HTA,$35,call,2/18/2022,(-53d),$32.88 ,$0.70 - $0.80,$0.80 ,"13,000",$1.04M,264,14.9K
1/12/2022,HTA,$35,call,2/18/2022,(-53d),$32.87 ,$0.70 - $0.80,$0.80 ,"13,000",$1.04M,264,27.9K
1/12/2022,EFA,$80,call,9/16/2022,(157d),$79.51 ,$3.50 - $3.90,$3.75 ,"4,000",$1.5M,32,4K
1/12/2022,USO,$60,call,2/18/2022,(-53d),$59.05 ,$1.69 - $1.71,$1.70 ,"6,700",$1.14M,10.8K,8.5K
1/12/2022,QQQ,$275,put,6/17/2022,(66d),$387.23 ,$2.78 - $2.86,$2.83 ,"6,000",$1.7M,9.7K,6.1K
1/12/2022,XOP,$125,call,3/18/2022,(-25d),$109.73 ,$2.66 - $2.79,$2.78 ,"8,205",$2.28M,794,8.2K
1/12/2022,XLE,$65,call,6/17/2022,(66d),$63.24 ,$3.70 - $3.85,$3.80 ,"5,750",$2.19M,13.3K,7.4K
1/12/2022,MS,$80,put,1/20/2023,(283d),$102.86 ,$4.40 - $4.50,$4.50 ,"4,000",$1.8M,13.7K,4.1K
1/12/2022,AAPL,$185,call,2/18/2022,(-53d),$175.27 ,$2.34 - $2.38,$2.43 ,"10,394",$2.53M,30.2K,17.3K
1/13/2022,XLNX,$160,put,2/18/2022,(-53d),$201.08 ,$2.93 - $4.80,$4.60 ,"2,619",$1.2M,4.5K,2.8K
1/13/2022,QQQ,$385,put,1/21/2022,(-81d),$388.50 ,$3.11 - $3.13,$3.13 ,"5,000",$1.57M,26.7K,6.6K
1/13/2022,F,$26,call,2/18/2022,(-53d),$25.28 ,$1.21 - $1.25,$1.25 ,"15,000",$1.88M,43.8K,17.4K
1/13/2022,VALE,$16,call,2/18/2022,(-53d),$15.46 ,$0.52 - $0.54,$0.53 ,"26,000",$1.38M,7.9K,26.6K
1/13/2022,V,$245,call,4/14/2022,(2d),$220.05 ,$3.00 - $3.35,$3.20 ,"3,600",$1.15M,3.8K,3.6K
1/13/2022,F,$17,put,1/19/2024,(647d),$25.19 ,$2.28 - $2.67,$2.58 ,"4,000",$1.03M,26.2K,4K
1/13/2022,F,$26,call,2/18/2022,(-53d),$25.05 ,$1.10 - $1.13,$1.13 ,"10,000",$1.13M,43.8K,27.9K
1/13/2022,HYG,$81,put,6/17/2022,(66d),$86.38 ,$0.86 - $1.01,$0.94 ,"12,250",$1.15M,2.6K,12.3K
1/13/2022,XLF,$40,put,3/18/2022,(-25d),$41.54 ,$0.85 - $0.87,$0.86 ,"16,000",$1.38M,45.2K,28.1K
1/13/2022,XLF,$38,put,3/18/2022,(-25d),$41.54 ,$0.45 - $0.47,$0.46 ,"32,000",$1.47M,77.1K,32.1K
1/13/2022,ARKK,$79,put,2/18/2022,(-53d),$81.47 ,$4.05 - $4.20,$4.20 ,"6,000",$2.52M,6.5K,6.1K
1/13/2022,QQQ,$345,put,3/18/2022,(-25d),$384.32 ,$4.63 - $4.69,$4.70 ,"10,614",$4.99M,29.3K,13K
1/13/2022,HAL,$25,put,1/20/2023,(283d),$27.99 ,$3.00 - $3.10,$3.10 ,"5,000",$1.55M,2.9K,5.1K
1/13/2022,XLE,$57,put,3/18/2022,(-25d),$63.82 ,$0.89 - $0.94,$0.92 ,"25,000",$2.3M,8.6K,25K
1/13/2022,RSX,$20,put,1/20/2023,(283d),$25.36 ,$1.30 - $2.45,$2.00 ,"5,000",$1M,2.1K,5K
1/13/2022,RSX,$25,put,1/20/2023,(283d),$25.36 ,$1.50 - $5.80,$4.30 ,"2,500",$1.08M,144,2.5K
1/13/2022,EFA,$75,put,5/20/2022,(38d),$79.47 ,$1.47 - $1.62,$1.59 ,"6,792",$1.08M,0,6.8K
1/13/2022,EFA,$86,call,1/20/2023,(283d),$79.45 ,$1.71 - $2.20,$1.98 ,"7,500",$1.49M,5,7.5K
1/13/2022,LCID,$45,call,2/18/2022,(-53d),$42.94 ,$3.85 - $4.15,$4.10 ,"2,850",$1.17M,7.8K,4.5K
1/13/2022,SAGE,$45,call,2/18/2022,(-53d),$42.20 ,$1.95 - $5.00,$3.50 ,"3,000",$1.05M,37,3K
1/13/2022,QQQ,$390,call,1/21/2022,(-81d),$382.16 ,$1.45 - $1.48,$1.48 ,"10,000",$1.48M,40.6K,24.8K
1/13/2022,SPY,$480,call,2/4/2022,(-67d),$468.17 ,$1.62 - $1.64,$1.63 ,"8,667",$1.41M,14.7K,13.9K
1/13/2022,MU,$100,call,2/18/2022,(-53d),$96.60 ,$3.15 - $3.20,$3.20 ,"8,200",$2.62M,24.9K,11.5K
1/13/2022,KSS,$53,call,4/14/2022,(2d),$49.82 ,$3.90 - $4.10,$4.09 ,"7,500",$3.07M,8.6K,7.5K
1/13/2022,KSS,$53,call,3/18/2022,(-25d),$49.82 ,$3.30 - $3.45,$3.45 ,"7,500",$2.59M,0,7.5K
1/13/2022,F,$20,put,1/19/2024,(647d),$25.33 ,$3.55 - $3.70,$3.70 ,"10,000",$3.7M,6.4K,10.1K
1/13/2022,VRM,$15,call,1/20/2023,(283d),$8.80 ,$1.40 - $1.55,$1.50 ,"7,500",$1.13M,5.8K,7.5K
1/13/2022,XLE,$62,put,1/28/2022,(-74d),$63.72 ,$0.76 - $0.84,$0.84 ,"20,000",$1.68M,344,20.2K
1/13/2022,SPY,$475,call,1/21/2022,(-81d),$467.36 ,$0.92 - $0.94,$0.93 ,"13,000",$1.21M,37.4K,30.2K
1/13/2022,XLE,$61,put,1/28/2022,(-74d),$63.12 ,$0.72 - $0.74,$0.75 ,"16,239",$1.22M,87,24K
1/13/2022,QQQ,$380,call,1/21/2022,(-81d),$378.74 ,$4.58 - $4.62,$4.62 ,"6,250",$2.89M,25.8K,12K
1/13/2022,IWM,$209,put,2/18/2022,(-53d),$213.96 ,$4.66 - $4.71,$4.69 ,"7,963",$3.73M,32.5K,22.1K
1/13/2022,IWM,$205,put,2/18/2022,(-53d),$213.96 ,$3.64 - $3.64,$3.64 ,"3,677",$1.34M,37.5K,24K
1/13/2022,IWM,$205,put,2/18/2022,(-53d),$214.04 ,$3.58 - $3.63,$3.64 ,"5,641",$2.05M,37.5K,31.5K
1/14/2022,QQQ,$345,put,2/18/2022,(-53d),$379.60 ,$3.42 - $3.47,$3.46 ,"12,500",$4.33M,27.5K,12.6K
1/14/2022,QQQ,$355,put,1/21/2022,(-81d),$379.74 ,$0.61 - $0.63,$0.63 ,"19,982",$1.26M,105.1K,27.7K
1/14/2022,SPY,$450,put,1/28/2022,(-74d),$463.24 ,$3.01 - $3.02,$3.07 ,"5,400",$1.66M,17.4K,11.9K
1/14/2022,SPY,$455,put,1/28/2022,(-74d),$463.24 ,$4.07 - $4.08,$4.19 ,"5,400",$2.26M,7.3K,13.5K
1/14/2022,RSX,$27,call,2/18/2022,(-53d),$24.94 ,$0.35 - $0.55,$0.55 ,"19,145",$1.05M,241,20K
1/14/2022,QQQ,$370,put,1/21/2022,(-81d),$379.82 ,$2.57 - $2.60,$2.59 ,"13,500",$3.5M,49.1K,21.9K
1/14/2022,NVDA,$330,call,2/18/2022,(-53d),$269.03 ,$2.46 - $2.50,$2.60 ,"6,800",$1.77M,19.1K,13.7K
1/14/2022,NVDA,$330,call,2/18/2022,(-53d),$269.03 ,$2.46 - $2.50,$2.60 ,"6,800",$1.77M,19.1K,6.9K
1/14/2022,SCHW,$95,call,3/18/2022,(-25d),$94.03 ,$4.05 - $4.15,$4.15 ,"3,500",$1.45M,4.6K,3.6K
1/14/2022,SPY,$445,put,2/4/2022,(-67d),$462.54 ,$3.44 - $3.48,$3.59 ,"3,500",$1.26M,11K,4.3K
1/14/2022,DG,$210,put,2/18/2022,(-53d),$216.82 ,$3.80 - $4.10,$4.10 ,"6,486",$2.66M,260,7.9K
1/14/2022,BABA,$150,call,3/18/2022,(-25d),$131.63 ,$4.40 - $4.55,$4.55 ,"2,700",$1.23M,18.3K,2.9K
1/14/2022,DIS,$150,call,2/18/2022,(-53d),$148.53 ,$4.75 - $4.95,$4.88 ,"6,000",$2.93M,3.9K,10.4K
1/14/2022,DIS,$150,call,1/21/2022,(-81d),$148.53 ,$1.64 - $1.69,$1.68 ,"6,000",$1.01M,15K,11.3K
1/14/2022,DIS,$150,call,2/18/2022,(-53d),$148.53 ,$4.75 - $4.95,$4.88 ,"4,000",$1.95M,3.9K,4.4K
1/14/2022,EMB,$105,put,3/18/2022,(-25d),$105.24 ,$1.90 - $1.97,$1.95 ,"10,000",$1.95M,49.2K,15K
1/14/2022,EMB,$105,put,3/18/2022,(-25d),$105.24 ,$1.90 - $1.97,$1.96 ,"10,000",$1.96M,49.2K,25K
1/14/2022,EMB,$103,put,3/18/2022,(-25d),$105.24 ,$1.24 - $1.29,$1.29 ,"30,000",$3.87M,15.2K,30K
1/14/2022,IWM,$220,call,3/18/2022,(-25d),$211.72 ,$4.64 - $4.70,$4.70 ,"2,250",$1.06M,27.5K,2.5K
1/14/2022,INTC,$60,call,4/14/2022,(2d),$55.42 ,$1.64 - $1.67,$1.67 ,"8,000",$1.34M,8.8K,10.1K
1/14/2022,BAC,$48,call,2/18/2022,(-53d),$47.77 ,$1.55 - $1.58,$1.58 ,"21,000",$3.32M,16.4K,22.1K
1/14/2022,FTCH,$30,call,3/18/2022,(-25d),$26.02 ,$1.40 - $1.60,$1.60 ,"10,000",$1.6M,140,10K
1/14/2022,ARKK,$76,put,2/18/2022,(-53d),$78.76 ,$4.15 - $4.30,$4.30 ,"5,000",$2.15M,94,5K
1/14/2022,IWM,$240,call,6/17/2022,(66d),$212.02 ,$2.67 - $2.76,$2.75 ,"5,000",$1.38M,10.5K,5K
1/14/2022,ATVI,$53,put,1/20/2023,(283d),$63.84 ,$4.10 - $4.30,$4.20 ,"10,000",$4.2M,765,10K
1/14/2022,IWM,$208,put,1/21/2022,(-81d),$211.22 ,$1.80 - $1.82,$1.82 ,"7,000",$1.27M,28.6K,8.2K
1/14/2022,IWM,$210,put,1/21/2022,(-81d),$211.22 ,$2.47 - $2.50,$2.50 ,"13,400",$3.35M,79.9K,55.7K
1/14/2022,LQD,$120,put,6/17/2022,(66d),$129.18 ,$0.81 - $1.18,$1.07 ,"10,000",$1.07M,658,10K
1/14/2022,HYG,$80,put,6/17/2022,(66d),$86.02 ,$0.84 - $0.91,$0.90 ,"20,000",$1.8M,6.6K,20K
1/14/2022,IWM,$175,put,4/14/2022,(2d),$211.10 ,$2.17 - $2.23,$2.22 ,"8,077",$1.79M,148,10.1K
1/14/2022,DISCK,$35,call,1/20/2023,(283d),$29.69 ,$2.70 - $4.90,$4.70 ,"2,500",$1.18M,2.6K,2.5K
1/14/2022,USO,$60,call,2/18/2022,(-53d),$59.81 ,$2.44 - $2.50,$2.47 ,"7,000",$1.73M,21.5K,7.7K
1/14/2022,SPY,$417,put,3/18/2022,(-25d),$462.55 ,$4.28 - $4.30,$4.30 ,"10,800",$4.64M,4.2K,11.7K
1/14/2022,TLT,$143,call,3/18/2022,(-25d),$142.04 ,$2.96 - $3.05,$3.05 ,"30,000",$9.15M,626,31.4K
1/14/2022,XLE,$66,call,3/18/2022,(-25d),$64.38 ,$2.39 - $2.48,$2.48 ,"15,000",$3.72M,491,15.1K
1/14/2022,PBR,$12,put,1/20/2023,(283d),$12.56 ,$3.00 - $3.20,$3.18 ,"10,000",$3.18M,133K,10.1K
1/14/2022,BAC,$45,put,6/17/2022,(66d),$47.93 ,$2.32 - $2.40,$2.36 ,"5,000",$1.18M,9.7K,5.3K
1/18/2022,AAPL,$170,put,2/4/2022,(-67d),$171.47 ,$3.70 - $3.70,$3.70 ,"5,149",$1.91M,12.4K,10K
1/18/2022,XLC,$74,put,2/18/2022,(-53d),$76.15 ,$1.15 - $1.25,$1.25 ,"9,900",$1.24M,146,10K
1/18/2022,MQ,$13,put,2/18/2022,(-53d),$13.06 ,$1.10 - $1.30,$1.25 ,"12,500",$1.56M,599,12.5K
1/18/2022,OTLY,$8,call,3/18/2022,(-25d),$7.12 ,$0.95 - $1.05,$1.05 ,"10,000",$1.05M,17.4K,10.1K
1/18/2022,FTCH,$35,call,4/14/2022,(2d),$26.93 ,$1.09 - $1.27,$1.34 ,"9,750",$1.31M,413,10K
1/18/2022,ARKF,$30,put,4/14/2022,(2d),$33.89 ,$1.45 - $1.55,$1.60 ,"6,500",$1.04M,1.1K,7.5K
1/18/2022,IWM,$208,put,1/21/2022,(-81d),$210.56 ,$1.54 - $1.57,$1.58 ,"6,500",$1.03M,22.7K,8.5K
1/18/2022,IWM,$210,put,1/21/2022,(-81d),$210.56 ,$2.26 - $2.30,$2.33 ,"13,500",$3.15M,95.9K,19.5K
1/18/2022,IWM,$205,put,2/18/2022,(-53d),$210.29 ,$4.47 - $4.51,$4.49 ,"2,403",$1.08M,73.4K,14.5K
1/18/2022,IWM,$205,put,2/18/2022,(-53d),$210.29 ,$4.47 - $4.49,$4.49 ,"2,317",$1.04M,73.4K,12.1K
1/18/2022,IWM,$205,put,2/18/2022,(-53d),$210.29 ,$4.47 - $4.49,$4.49 ,"4,735",$2.13M,73.4K,9.8K
1/18/2022,IWM,$201,put,2/18/2022,(-53d),$210.25 ,$3.38 - $3.42,$3.41 ,"9,569",$3.26M,4.9K,20.5K
1/18/2022,IWM,$201,put,2/18/2022,(-53d),$210.13 ,$3.43 - $3.46,$3.46 ,"3,319",$1.15M,4.9K,28.6K
1/18/2022,IWM,$201,put,2/18/2022,(-53d),$210.13 ,$3.43 - $3.46,$3.46 ,"3,319",$1.15M,4.9K,28.6K
1/18/2022,IWM,$205,put,2/18/2022,(-53d),$210.16 ,$4.52 - $4.55,$4.55 ,"7,082",$3.22M,73.4K,35.4K
1/18/2022,NTR,$85,call,6/17/2022,(66d),$73.03 ,$1.40 - $1.65,$1.60 ,"10,000",$1.6M,550,10K
1/18/2022,EMB,$100,put,3/18/2022,(-25d),$103.96 ,$0.79 - $0.92,$0.92 ,"75,000",$6.9M,57,77.5K
1/18/2022,EMB,$100,put,3/18/2022,(-25d),$103.96 ,$0.78 - $0.88,$0.92 ,"72,500",$6.67M,57,148.1K
1/18/2022,IWM,$210,call,1/31/2022,(-71d),$209.38 ,$4.08 - $4.13,$4.11 ,"2,500",$1.03M,1.2K,2.9K
1/18/2022,GM,$63,call,3/18/2022,(-25d),$58.79 ,$2.35 - $2.43,$2.42 ,"10,000",$2.42M,5.7K,17.8K
1/18/2022,XRT,$79,put,2/18/2022,(-53d),$81.95 ,$2.37 - $2.51,$2.53 ,"7,500",$1.9M,8.5K,7.5K
1/18/2022,XRT,$81,put,2/18/2022,(-53d),$81.95 ,$3.15 - $3.30,$3.30 ,"7,500",$2.48M,33,7.5K
1/18/2022,KWEB,$39,call,6/17/2022,(66d),$37.02 ,$3.50 - $3.60,$3.58 ,"5,000",$1.79M,391,10K
1/18/2022,KWEB,$39,call,6/17/2022,(66d),$37.02 ,$3.50 - $3.60,$3.58 ,"5,000",$1.79M,391,5K
1/18/2022,WFC,$60,call,6/17/2022,(66d),$56.93 ,$3.15 - $3.25,$3.20 ,"5,000",$1.6M,17.2K,5.2K
1/18/2022,XRT,$75,put,3/18/2022,(-25d),$82.41 ,$2.15 - $2.43,$2.38 ,"6,250",$1.49M,2.8K,6.3K
1/18/2022,QQQ,$400,call,2/18/2022,(-53d),$373.53 ,$1.51 - $1.56,$1.55 ,"10,000",$1.55M,26.3K,22.3K
1/18/2022,EMB,$98,put,6/17/2022,(66d),$103.95 ,$1.38 - $1.49,$1.63 ,"7,500",$1.22M,0,7.5K
1/18/2022,EMB,$103,put,6/17/2022,(66d),$103.95 ,$2.88 - $3.00,$2.98 ,"7,500",$2.24M,0,7.5K
1/18/2022,QQQ,$370,put,1/21/2022,(-81d),$372.15 ,$3.74 - $3.77,$3.77 ,"7,000",$2.64M,60.5K,42K
1/18/2022,BAC,$50,call,1/20/2023,(283d),$46.14 ,$3.50 - $3.65,$3.60 ,"3,500",$1.26M,158.3K,5.6K
1/18/2022,SPY,$455,put,1/21/2022,(-81d),$455.67 ,$4.03 - $4.05,$4.05 ,"10,419",$4.22M,93K,59.3K
1/18/2022,XLE,$50,put,6/16/2023,(430d),$63.84 ,$3.20 - $4.00,$3.85 ,"6,910",$2.66M,315,6.9K
1/18/2022,XLE,$80,call,1/20/2023,(283d),$63.84 ,$2.12 - $2.36,$2.36 ,"6,017",$1.42M,3.8K,6.1K
1/18/2022,XLE,$50,put,1/20/2023,(283d),$63.84 ,$2.70 - $2.99,$2.99 ,"6,017",$1.8M,11.4K,6.1K
1/18/2022,IWM,$200,put,2/18/2022,(-53d),$208.54 ,$3.74 - $3.78,$3.77 ,"3,000",$1.13M,24.7K,13.4K
1/18/2022,VRM,$13,call,1/20/2023,(283d),$7.65 ,$1.40 - $1.60,$1.60 ,"7,500",$1.2M,167,7.5K
1/18/2022,IWM,$160,put,6/17/2022,(66d),$208.15 ,$2.69 - $2.75,$2.75 ,"4,100",$1.13M,19.2K,4.1K
1/18/2022,IWM,$160,put,6/17/2022,(66d),$208.26 ,$2.69 - $2.74,$2.72 ,"4,100",$1.12M,19.2K,8.2K
1/18/2022,IWM,$220,call,2/18/2022,(-53d),$208.33 ,$1.78 - $1.81,$1.81 ,"10,000",$1.81M,34.8K,14.3K
1/18/2022,SPY,$435,put,2/18/2022,(-53d),$456.27 ,$4.69 - $4.71,$4.71 ,"6,000",$2.83M,19.2K,10.4K
1/18/2022,FXI,$37,put,5/20/2022,(38d),$37.64 ,$1.91 - $1.96,$1.95 ,"8,000",$1.56M,52.4K,8K
1/18/2022,ARKK,$77,put,1/21/2022,(-81d),$77.09 ,$1.95 - $2.01,$2.03 ,"5,000",$1.01M,876,6K
1/18/2022,EEM,$48,put,3/18/2022,(-25d),$49.25 ,$1.19 - $1.25,$1.25 ,"13,154",$1.64M,108.1K,13.2K
1/18/2022,INDA,$45,put,3/18/2022,(-25d),$47.51 ,$0.80 - $0.90,$0.90 ,"13,643",$1.23M,5.3K,13.6K
1/18/2022,VIAC,$35,call,2/18/2022,(-53d),$35.00 ,$2.12 - $2.16,$2.15 ,"7,350",$1.58M,15.2K,9.9K
1/18/2022,GE,$100,put,2/18/2022,(-53d),$103.37 ,$2.69 - $2.80,$2.80 ,"7,500",$2.1M,6K,7.6K
1/18/2022,BMY,$65,call,2/18/2022,(-53d),$64.92 ,$1.74 - $1.79,$1.79 ,"7,600",$1.36M,11.9K,8.2K
1/18/2022,EFA,$76,put,3/18/2022,(-25d),$78.01 ,$1.30 - $1.37,$1.37 ,"7,500",$1.03M,10.2K,7.6K
1/18/2022,AFRM,$75,call,2/18/2022,(-53d),$66.08 ,$4.75 - $4.95,$4.90 ,"3,825",$1.87M,2.3K,5.9K
1/18/2022,DIS,$150,put,2/18/2022,(-53d),$152.10 ,$4.25 - $4.35,$4.30 ,"6,500",$2.8M,17.3K,7.3K
1/18/2022,CAR,$190,put,1/21/2022,(-81d),$193.59 ,$3.70 - $4.00,$4.00 ,"4,000",$1.6M,218,4.1K
1/18/2022,AFRM,$75,call,2/18/2022,(-53d),$65.20 ,$4.30 - $4.45,$4.55 ,"5,850",$2.66M,2.3K,11.8K
1/18/2022,QQQ,$370,put,1/21/2022,(-81d),$371.14 ,$3.93 - $3.97,$3.97 ,"4,900",$1.95M,60.5K,72.1K
1/18/2022,AFRM,$85,call,2/18/2022,(-53d),$65.05 ,$2.23 - $2.29,$2.33 ,"7,725",$1.8M,24.5K,18.2K
1/18/2022,XLF,$39,put,3/18/2022,(-25d),$39.81 ,$1.08 - $1.11,$1.13 ,"10,000",$1.13M,25.4K,10.7K
1/18/2022,KSS,$49,put,2/4/2022,(-67d),$50.15 ,$2.01 - $2.17,$2.17 ,"5,000",$1.09M,55,5K
1/19/2022,XLE,$65,call,5/20/2022,(38d),$64.33 ,$3.90 - $4.05,$4.00 ,"5,495",$2.2M,6.9K,5.5K
1/19/2022,XLE,$65,call,5/20/2022,(38d),$64.17 ,$3.85 - $4.00,$3.95 ,"5,495",$2.17M,6.9K,5.5K
1/19/2022,XLF,$41,call,2/18/2022,(-53d),$39.53 ,$0.38 - $0.39,$0.39 ,"66,421",$2.59M,21.3K,70.8K
1/19/2022,USO,$60,put,3/18/2022,(-25d),$61.31 ,$2.90 - $3.05,$3.05 ,"5,000",$1.53M,636,5K
1/19/2022,USO,$60,put,3/18/2022,(-25d),$61.38 ,$2.90 - $2.95,$2.95 ,"5,000",$1.48M,636,10K
1/19/2022,SPY,$455,put,1/21/2022,(-81d),$455.95 ,$3.20 - $3.23,$3.23 ,"10,418",$3.37M,58.5K,32.9K
1/19/2022,IWM,$200,put,2/18/2022,(-53d),$206.34 ,$4.41 - $4.45,$4.53 ,"2,800",$1.27M,38.2K,5.5K
1/19/2022,AAPL,$170,call,2/11/2022,(-60d),$168.89 ,$4.95 - $5.00,$5.00 ,"2,771",$1.39M,10.5K,7.6K
1/19/2022,IWM,$200,put,2/18/2022,(-53d),$206.32 ,$4.40 - $4.45,$4.52 ,"3,700",$1.67M,38.2K,9.2K
1/19/2022,AAPL,$170,call,2/11/2022,(-60d),$168.92 ,$4.95 - $5.05,$5.00 ,"2,898",$1.45M,10.5K,10.7K
1/19/2022,KSS,$60,call,3/18/2022,(-25d),$52.73 ,$2.60 - $2.85,$2.85 ,"3,699",$1.05M,151,4.3K
1/19/2022,IWM,$219,call,3/18/2022,(-25d),$206.65 ,$3.22 - $3.27,$3.25 ,"9,000",$2.93M,2.9K,9K
1/19/2022,BBWI,$60,call,3/18/2022,(-25d),$56.51 ,$2.92 - $3.05,$3.07 ,"6,500",$2M,1.2K,6.5K
1/19/2022,CCJ,$26,call,3/18/2022,(-25d),$21.48 ,$0.69 - $0.75,$0.72 ,"21,000",$1.51M,44.9K,33.1K
1/19/2022,CCJ,$24,call,3/18/2022,(-25d),$21.48 ,$1.13 - $1.17,$1.17 ,"23,000",$2.69M,3.1K,23.6K
1/19/2022,BMO,$100,put,1/20/2023,(283d),$117.32 ,$4.30 - $4.60,$4.52 ,"4,000",$1.81M,5.5K,4K
1/19/2022,MSOS,$20,put,1/20/2023,(283d),$23.09 ,$4.00 - $4.30,$4.30 ,"4,990",$2.15M,5.7K,5K
1/19/2022,IWM,$218,call,2/18/2022,(-53d),$206.92 ,$1.88 - $1.92,$1.91 ,"12,000",$2.29M,9.3K,12.2K
1/19/2022,C,$60,put,6/17/2022,(66d),$64.82 ,$2.77 - $2.85,$2.81 ,"3,850",$1.08M,56.6K,3.9K
1/19/2022,PG,$165,call,3/18/2022,(-25d),$163.60 ,$3.30 - $3.50,$3.40 ,"4,972",$1.69M,1.3K,5.5K
1/19/2022,BNS,$60,put,1/20/2023,(283d),$73.09 ,$2.00 - $2.25,$2.22 ,"5,000",$1.11M,9.3K,5K
1/19/2022,LCID,$30,put,3/18/2022,(-25d),$41.72 ,$2.40 - $2.85,$2.85 ,"11,000",$3.14M,456,11.5K
1/19/2022,GLD,$140,put,1/20/2023,(283d),$171.93 ,$1.57 - $1.63,$1.63 ,"6,500",$1.06M,18.4K,6.5K
1/19/2022,SPY,$425,put,2/11/2022,(-60d),$457.75 ,$2.07 - $2.09,$2.09 ,"9,000",$1.88M,1.8K,9.1K
1/19/2022,SPY,$452,put,1/28/2022,(-74d),$457.75 ,$3.97 - $3.99,$4.02 ,"12,000",$4.82M,28K,14.7K
1/19/2022,QQQ,$375,call,1/21/2022,(-81d),$372.91 ,$2.51 - $2.53,$2.52 ,"9,500",$2.39M,17.7K,42.8K
1/19/2022,QQQ,$380,call,1/21/2022,(-81d),$372.91 ,$0.86 - $0.88,$0.88 ,"12,000",$1.06M,31K,41.3K
1/19/2022,UBER,$40,call,3/18/2022,(-25d),$38.29 ,$2.60 - $2.65,$2.63 ,"4,250",$1.12M,10.1K,13.1K
1/19/2022,UBER,$40,call,3/18/2022,(-25d),$38.29 ,$2.60 - $2.65,$2.63 ,"4,250",$1.12M,10.1K,8.8K
1/19/2022,AAPL,$170,call,1/21/2022,(-81d),$169.20 ,$1.30 - $1.32,$1.31 ,"8,000",$1.05M,136.6K,158.3K
1/19/2022,KO,$60,put,2/18/2022,(-53d),$60.94 ,$0.83 - $0.84,$0.84 ,"15,000",$1.26M,3.6K,15.7K
1/19/2022,CRM,$230,put,1/21/2022,(-81d),$230.47 ,$2.20 - $2.49,$2.44 ,"4,300",$1.05M,9.5K,5K
1/19/2022,QQQ,$375,call,1/21/2022,(-81d),$369.52 ,$1.22 - $1.24,$1.23 ,"10,000",$1.23M,17.7K,60.2K
1/19/2022,MU,$90,put,2/18/2022,(-53d),$90.71 ,$3.80 - $3.90,$3.90 ,"11,000",$4.29M,5.4K,12.2K
1/19/2022,AAPL,$190,call,6/17/2022,(66d),$167.75 ,$4.75 - $4.90,$4.84 ,"3,000",$1.45M,13.8K,3.1K
1/19/2022,BAC,$50,call,1/20/2023,(283d),$46.91 ,$3.90 - $4.05,$4.00 ,"4,250",$1.7M,165.3K,6.7K
1/19/2022,SAVE,$30,call,1/20/2023,(283d),$22.76 ,$2.36 - $2.59,$2.53 ,"4,725",$1.2M,11.8K,5.2K
1/19/2022,NCLH,$30,call,1/20/2023,(283d),$21.37 ,$1.97 - $2.06,$2.04 ,"5,000",$1.02M,30.1K,10.1K
1/19/2022,IWM,$196,put,2/18/2022,(-53d),$204.62 ,$3.86 - $3.86,$3.86 ,"4,708",$1.82M,2.6K,21.7K
1/20/2022,IWM,$195,put,1/28/2022,(-74d),$205.80 ,$0.93 - $0.95,$0.94 ,"13,400",$1.26M,14.2K,13.6K
1/20/2022,IWM,$195,put,2/18/2022,(-53d),$205.72 ,$3.10 - $3.14,$3.14 ,"6,000",$1.88M,18.5K,7.6K
1/20/2022,IWM,$180,put,3/18/2022,(-25d),$206.09 ,$2.18 - $2.22,$2.20 ,"5,000",$1.1M,30.8K,5K
1/20/2022,IWM,$190,put,3/18/2022,(-25d),$206.09 ,$3.77 - $3.83,$3.81 ,"5,000",$1.91M,72.9K,5K
1/20/2022,FXI,$42,call,4/14/2022,(2d),$39.30 ,$0.90 - $0.94,$0.92 ,"21,500",$1.98M,47.5K,21.6K
1/20/2022,FXI,$42,call,4/14/2022,(2d),$39.31 ,$0.90 - $0.94,$0.92 ,"21,500",$1.98M,47.5K,43.1K
1/20/2022,GM,$60,call,4/14/2022,(2d),$56.46 ,$2.93 - $3.00,$3.05 ,"14,000",$4.27M,1.2K,33.2K
1/20/2022,LAZR,$20,call,1/19/2024,(647d),$15.00 ,$4.00 - $4.55,$4.60 ,"5,000",$2.3M,1.2K,5K
1/20/2022,COOP,$45,call,4/14/2022,(2d),$44.30 ,$2.05 - $2.35,$2.35 ,"4,800",$1.13M,9.5K,4.8K
1/20/2022,BHC,$27,call,4/14/2022,(2d),$25.41 ,$1.87 - $2.10,$2.05 ,"7,376",$1.51M,15.4K,7.4K
1/20/2022,BHC,$27,call,7/15/2022,(94d),$25.41 ,$2.63 - $2.98,$2.90 ,"7,376",$2.14M,399,7.4K
1/20/2022,IWM,$170,put,6/17/2022,(66d),$207.53 ,$3.61 - $3.69,$3.69 ,"4,000",$1.48M,14.4K,4K
1/20/2022,F,$20,put,9/16/2022,(157d),$22.74 ,$2.09 - $2.16,$2.15 ,"5,000",$1.08M,9.4K,5.1K
1/20/2022,QQQ,$390,call,2/18/2022,(-53d),$372.98 ,$2.97 - $3.02,$3.00 ,"3,500",$1.05M,22.5K,11.8K
1/20/2022,IFF,$145,call,2/18/2022,(-53d),$142.85 ,$4.10 - $4.60,$4.55 ,"2,500",$1.14M,12.6K,6.1K
1/20/2022,IFF,$145,call,2/18/2022,(-53d),$142.85 ,$4.10 - $4.60,$4.56 ,"2,500",$1.14M,12.6K,3.6K
1/20/2022,AMGN,$220,put,2/18/2022,(-53d),$231.54 ,$2.76 - $2.86,$2.85 ,"3,675",$1.05M,328,5.4K
1/20/2022,CLF,$23,call,7/15/2022,(94d),$19.99 ,$1.96 - $2.06,$2.04 ,"10,000",$2.04M,1.2K,10K
1/20/2022,AMD,$140,call,2/18/2022,(-53d),$127.28 ,$3.95 - $4.00,$4.00 ,"14,000",$5.6M,46.8K,16K
1/20/2022,EEM,$50,put,2/18/2022,(-53d),$50.47 ,$0.99 - $1.03,$1.02 ,"12,897",$1.32M,43K,14.9K
1/20/2022,COTY,$9,call,2/18/2022,(-53d),$8.70 ,$0.48 - $0.55,$0.52 ,"22,000",$1.14M,18.7K,22K
1/20/2022,SNAP,$33,put,3/18/2022,(-25d),$36.98 ,$2.32 - $2.35,$2.37 ,"7,500",$1.78M,155,19.8K
1/20/2022,XBI,$94,put,2/18/2022,(-53d),$96.88 ,$3.30 - $3.50,$3.50 ,"3,400",$1.19M,962,4K
1/20/2022,EFA,$78,put,2/18/2022,(-53d),$78.35 ,$1.14 - $1.22,$1.19 ,"25,794",$3.07M,620,27K
1/20/2022,EFA,$78,put,2/18/2022,(-53d),$78.32 ,$1.16 - $1.23,$1.21 ,"12,897",$1.56M,620,52.8K
1/20/2022,EFA,$78,put,2/18/2022,(-53d),$78.32 ,$1.16 - $1.23,$1.20 ,"12,897",$1.55M,620,39.9K
1/20/2022,EEM,$50,put,3/18/2022,(-25d),$50.41 ,$1.43 - $1.50,$1.50 ,"12,500",$1.88M,91.7K,12.5K
1/20/2022,QQQ,$395,call,3/18/2022,(-25d),$372.86 ,$4.49 - $4.54,$4.52 ,"11,500",$5.2M,10.9K,12.7K
1/20/2022,QQQ,$405,call,3/18/2022,(-25d),$372.86 ,$2.18 - $2.21,$2.21 ,"11,500",$2.54M,8.1K,12K
1/20/2022,TWTR,$38,put,2/18/2022,(-53d),$38.65 ,$2.34 - $2.39,$2.39 ,"14,000",$3.35M,44.1K,14K
1/20/2022,VXX,$20,call,1/28/2022,(-74d),$19.36 ,$0.93 - $0.95,$0.96 ,"17,000",$1.63M,6.6K,21K
1/20/2022,IBB,$165,call,1/20/2023,(283d),$133.65 ,$3.25 - $3.75,$3.75 ,"3,014",$1.13M,3.2K,3.1K
1/20/2022,CG,$55,call,3/18/2022,(-25d),$51.97 ,$1.50 - $1.70,$1.70 ,"17,100",$2.91M,493,20K
1/20/2022,SPY,$432,put,2/11/2022,(-60d),$455.58 ,$2.87 - $2.89,$2.90 ,"5,000",$1.45M,16K,5K
1/20/2022,IWM,$200,put,2/18/2022,(-53d),$205.30 ,$4.40 - $4.42,$4.41 ,"4,000",$1.76M,52.5K,19.7K
1/20/2022,IWM,$190,put,3/18/2022,(-25d),$205.30 ,$3.84 - $3.89,$3.89 ,"4,000",$1.56M,72.9K,17.5K
1/20/2022,IWM,$200,put,2/18/2022,(-53d),$205.30 ,$4.40 - $4.42,$4.42 ,"4,000",$1.77M,52.5K,15.7K
1/20/2022,IWM,$200,put,2/18/2022,(-53d),$205.30 ,$4.40 - $4.42,$4.41 ,"8,000",$3.53M,52.5K,11.7K
1/20/2022,IWM,$210,call,2/18/2022,(-53d),$204.59 ,$3.69 - $3.73,$3.72 ,"10,000",$3.72M,4.2K,11.2K
1/20/2022,XLE,$64,put,1/28/2022,(-74d),$64.69 ,$0.92 - $0.95,$0.95 ,"20,000",$1.9M,1.3K,21.4K
1/20/2022,HYG,$85,put,2/18/2022,(-53d),$85.72 ,$0.66 - $0.68,$0.70 ,"20,000",$1.4M,178.2K,41.7K
1/20/2022,RY,$100,put,1/20/2023,(283d),$116.81 ,$3.70 - $4.20,$4.08 ,"3,000",$1.22M,4.7K,3K
1/20/2022,SNAP,$38,call,3/18/2022,(-25d),$35.81 ,$2.99 - $3.10,$3.05 ,"3,500",$1.07M,60,3.6K
1/20/2022,TMUS,$140,call,1/20/2023,(283d),$104.73 ,$2.63 - $3.05,$2.90 ,"5,000",$1.45M,2K,5K
1/20/2022,DB,$15,call,1/20/2023,(283d),$13.13 ,$0.98 - $1.14,$1.10 ,"9,761",$1.07M,7K,10K
1/20/2022,XRT,$70,put,3/18/2022,(-25d),$79.42 ,$1.62 - $1.72,$1.72 ,"7,499",$1.29M,1.2K,19.8K
1/20/2022,SPY,$420,put,2/4/2022,(-67d),$448.40 ,$1.65 - $1.67,$1.66 ,"7,350",$1.22M,21K,8.1K
1/20/2022,SPY,$429,put,2/4/2022,(-67d),$448.40 ,$2.73 - $2.76,$2.75 ,"6,000",$1.65M,2.8K,15K
1/20/2022,SPY,$467,call,2/4/2022,(-67d),$446.44 ,$0.72 - $0.73,$0.74 ,"28,751",$2.13M,1.1K,30.3K
1/20/2022,SPY,$460,call,2/4/2022,(-67d),$446.44 ,$2.20 - $2.22,$2.35 ,"28,751",$6.76M,1.6K,33.3K
1/20/2022,IWM,$190,put,2/18/2022,(-53d),$200.65 ,$3.32 - $3.39,$3.36 ,"2,979",$1M,15K,5.8K
1/20/2022,IWM,$192,put,2/18/2022,(-53d),$200.71 ,$3.80 - $3.89,$3.88 ,"9,372",$3.64M,913,10.3K
1/20/2022,IWM,$192,put,2/18/2022,(-53d),$201.00 ,$3.73 - $3.79,$3.78 ,"9,596",$3.63M,913,20.3K
1/21/2022,QQQ,$330,put,2/18/2022,(-53d),$358.87 ,$3.70 - $3.79,$3.79 ,"3,500",$1.33M,66.6K,5.6K
1/21/2022,IWM,$175,put,2/18/2022,(-53d),$199.91 ,$1.30 - $1.34,$1.34 ,"11,000",$1.47M,22K,11.1K
1/21/2022,XLF,$38,put,2/18/2022,(-53d),$38.68 ,$0.75 - $0.79,$0.78 ,"15,400",$1.2M,11.9K,21.9K
1/21/2022,IYR,$104,put,2/4/2022,(-67d),$106.04 ,$1.15 - $1.16,$1.20 ,"9,403",$1.13M,8,12.7K
1/21/2022,KRE,$69,put,3/18/2022,(-25d),$72.05 ,$2.19 - $2.40,$2.37 ,"12,658",$3M,2.3K,12.7K
1/21/2022,HYG,$77,put,6/17/2022,(66d),$85.49 ,$0.62 - $0.70,$0.68 ,"20,000",$1.36M,10.4K,20K
1/21/2022,IWM,$189,put,2/18/2022,(-53d),$198.05 ,$4.15 - $4.12,$4.15 ,"3,723",$1.55M,2.7K,9.6K
1/21/2022,IWM,$189,put,2/18/2022,(-53d),$198.05 ,$4.15 - $4.12,$4.15 ,"5,000",$2.08M,2.7K,5.6K
1/21/2022,SPY,$425,put,1/28/2022,(-74d),$442.22 ,$1.97 - $1.99,$2.29 ,"5,000",$1.15M,4.1K,6.7K
1/21/2022,IWM,$197,put,1/28/2022,(-74d),$200.29 ,$2.93 - $3.00,$3.10 ,"7,000",$2.17M,2.5K,29K
1/21/2022,IWM,$195,put,1/28/2022,(-74d),$200.29 ,$2.27 - $2.32,$2.42 ,"7,000",$1.69M,41.2K,22K
1/21/2022,ARKK,$72,put,2/4/2022,(-67d),$74.91 ,$3.05 - $3.25,$3.25 ,"6,000",$1.95M,172,6.1K
1/21/2022,BBWI,$60,call,5/20/2022,(38d),$54.08 ,$3.45 - $4.05,$4.00 ,"10,000",$4M,335,10K
1/21/2022,IWM,$197,put,1/28/2022,(-74d),$201.21 ,$2.64 - $2.69,$2.71 ,"8,400",$2.28M,2.5K,41.3K
1/21/2022,SPHB,$71,put,2/18/2022,(-53d),$73.74 ,$1.60 - $2.00,$1.90 ,"6,300",$1.2M,1,6.3K
1/21/2022,IWM,$195,put,2/18/2022,(-53d),$200.82 ,$4.86 - $4.95,$4.94 ,"3,000",$1.48M,26K,24.3K
1/21/2022,LMND,$25,put,6/17/2022,(66d),$30.12 ,$3.80 - $4.30,$4.30 ,"4,425",$1.9M,106,4.4K
1/21/2022,AMAT,$130,put,2/18/2022,(-53d),$139.47 ,$4.15 - $4.40,$4.40 ,"6,000",$2.64M,1.9K,6.3K
1/21/2022,ARKF,$30,put,2/18/2022,(-53d),$32.18 ,$1.20 - $1.35,$1.35 ,"12,000",$1.62M,111,12.1K
1/21/2022,HYG,$78,put,4/14/2022,(2d),$85.54 ,$0.39 - $0.43,$0.43 ,"25,000",$1.08M,40K,46K
1/21/2022,SPY,$415,put,2/18/2022,(-53d),$446.80 ,$3.51 - $3.55,$3.55 ,"5,000",$1.78M,18.2K,5.5K
1/21/2022,IWP,$98,put,2/18/2022,(-53d),$99.46 ,$2.70 - $3.20,$3.12 ,"5,000",$1.56M,84,7.5K
1/21/2022,SPY,$440,put,1/28/2022,(-74d),$446.39 ,$4.20 - $4.21,$4.25 ,"6,000",$2.55M,32.4K,34.3K
1/21/2022,DT,$50,call,2/18/2022,(-53d),$49.87 ,$3.50 - $3.70,$3.80 ,"28,000",$10.6M,162,35.2K
1/21/2022,DT,$50,call,2/18/2022,(-53d),$49.87 ,$3.50 - $3.70,$3.80 ,"2,800",$1.06M,162,7.2K
1/21/2022,IWM,$191,put,2/18/2022,(-53d),$202.20 ,$3.34 - $3.41,$3.38 ,"3,000",$1.01M,8.5K,8.7K
1/21/2022,DKNG,$25,call,4/14/2022,(2d),$20.01 ,$1.58 - $1.63,$1.61 ,"27,000",$4.35M,1.5K,29.9K
1/21/2022,DKNG,$20,put,4/14/2022,(2d),$20.01 ,$3.10 - $3.25,$3.18 ,"27,000",$8.59M,5.5K,27.7K
1/21/2022,NRG,$50,call,1/20/2023,(283d),$38.74 ,$0.05 - $3.00,$1.80 ,"15,000",$2.7M,837,15K
1/21/2022,SPY,$498,call,6/17/2022,(66d),$446.22 ,$2.77 - $2.93,$2.85 ,"11,200",$3.19M,2.4K,46.1K
1/21/2022,EWZ,$32,call,3/18/2022,(-25d),$30.35 ,$0.88 - $0.90,$0.89 ,"22,400",$1.99M,22.3K,22.6K
1/21/2022,RCL,$100,call,3/18/2022,(-25d),$80.59 ,$1.03 - $1.11,$1.09 ,"9,596",$1.05M,16.5K,10K
1/21/2022,IBM,$140,call,2/18/2022,(-53d),$131.50 ,$1.39 - $1.49,$1.47 ,"11,990",$1.76M,7K,15.4K
1/21/2022,EFA,$79,call,3/18/2022,(-25d),$77.09 ,$1.00 - $1.11,$1.10 ,"9,500",$1.05M,5.8K,19K
1/21/2022,EFA,$79,call,3/18/2022,(-25d),$77.09 ,$1.00 - $1.11,$1.09 ,"9,500",$1.04M,5.8K,9.5K
1/21/2022,HTA,$33,call,3/18/2022,(-25d),$31.81 ,$1.30 - $1.40,$1.40 ,"9,000",$1.26M,0,11.4K
1/21/2022,IWM,$245,call,1/20/2023,(283d),$200.23 ,$4.02 - $4.58,$4.45 ,"4,000",$1.78M,2.5K,4K
1/21/2022,HYG,$82,put,6/17/2022,(66d),$85.53 ,$1.26 - $1.52,$1.49 ,"20,000",$2.98M,19.5K,20K
1/21/2022,IBM,$140,call,2/18/2022,(-53d),$130.60 ,$1.31 - $1.38,$1.47 ,"11,787",$1.73M,7K,15.9K
1/21/2022,GLD,$169,put,2/18/2022,(-53d),$171.13 ,$1.53 - $1.55,$1.57 ,"9,281",$1.46M,2.2K,13.4K
1/21/2022,DISH,$35,call,6/17/2022,(66d),$32.23 ,$2.39 - $2.59,$2.60 ,"5,000",$1.3M,227,5K
1/21/2022,CLF,$15,put,1/20/2023,(283d),$17.42 ,$2.56 - $2.75,$2.71 ,"5,000",$1.36M,25.7K,5.6K
1/21/2022,SPY,$480,call,5/20/2022,(38d),$443.16 ,$4.63 - $4.69,$4.68 ,"2,500",$1.17M,3.8K,5.5K
1/21/2022,QQQ,$385,call,2/18/2022,(-53d),$356.62 ,$1.48 - $1.51,$1.51 ,"7,000",$1.06M,22.4K,10.4K
1/21/2022,HAS,$100,call,4/14/2022,(2d),$96.53 ,$1.50 - $6.00,$3.90 ,"5,000",$1.95M,74,5K
1/21/2022,XLK,$210,call,1/20/2023,(283d),$156.61 ,$1.65 - $3.10,$2.55 ,"4,347",$1.11M,5.7K,4.3K
1/21/2022,INTC,$58,call,6/17/2022,(66d),$52.45 ,$2.32 - $2.37,$2.37 ,"5,430",$1.29M,9.8K,5.8K
1/21/2022,SPY,$420,put,2/18/2022,(-53d),$443.28 ,$4.79 - $4.83,$4.82 ,"3,200",$1.54M,36K,22.6K
1/21/2022,QQQ,$300,put,3/18/2022,(-25d),$357.53 ,$2.92 - $2.97,$2.95 ,"8,000",$2.36M,79.4K,21K
1/21/2022,QQQ,$300,put,3/18/2022,(-25d),$357.43 ,$2.91 - $2.97,$2.95 ,"5,800",$1.71M,79.4K,26.8K
1/21/2022,IWM,$180,put,4/14/2022,(2d),$199.66 ,$4.72 - $4.80,$4.80 ,"4,000",$1.92M,2.4K,4.1K
1/21/2022,BP,$32,call,1/20/2023,(283d),$30.89 ,$2.98 - $3.10,$3.10 ,"3,493",$1.08M,7.2K,3.6K
1/21/2022,UBER,$40,call,3/18/2022,(-25d),$36.73 ,$1.98 - $2.01,$2.00 ,"5,000",$1M,22.4K,9.3K
1/21/2022,HYG,$82,put,3/18/2022,(-25d),$85.53 ,$0.53 - $0.59,$0.57 ,"20,000",$1.14M,129.3K,23.1K
1/21/2022,BAC,$45,put,6/17/2022,(66d),$45.12 ,$3.35 - $3.45,$3.40 ,"5,000",$1.7M,14.9K,5.1K
1/21/2022,KSS,$40,put,7/15/2022,(94d),$47.39 ,$3.80 - $4.10,$4.10 ,"10,000",$4.1M,52,10K
1/21/2022,QQQ,$344,put,2/4/2022,(-67d),$357.08 ,$4.70 - $4.77,$4.78 ,"3,428",$1.64M,7K,9.1K
1/21/2022,SPY,$425,put,2/11/2022,(-60d),$442.44 ,$4.96 - $5.00,$5.00 ,"9,000",$4.5M,11.4K,9.5K
1/21/2022,AFRM,$70,call,2/18/2022,(-53d),$58.93 ,$3.90 - $4.10,$4.10 ,"4,645",$1.9M,4.3K,6.9K
1/21/2022,IWM,$187,put,2/18/2022,(-53d),$198.91 ,$3.36 - $3.39,$3.39 ,"4,000",$1.36M,7.9K,4.3K
1/21/2022,OXY,$36,call,3/18/2022,(-25d),$33.84 ,$2.01 - $2.16,$2.09 ,"5,000",$1.05M,14,5.3K
1/21/2022,QQQ,$336,put,2/4/2022,(-67d),$354.05 ,$3.80 - $3.84,$3.83 ,"2,914",$1.12M,55,10.3K
1/21/2022,QQQ,$375,call,2/18/2022,(-53d),$353.87 ,$3.41 - $3.47,$3.44 ,"3,000",$1.03M,17.3K,16.9K
1/21/2022,XLE,$66,call,3/18/2022,(-25d),$62.47 ,$1.70 - $1.79,$1.76 ,"15,000",$2.64M,16.5K,15.6K
1/21/2022,ARKF,$28,put,2/18/2022,(-53d),$31.06 ,$0.80 - $0.95,$0.95 ,"12,000",$1.14M,16,12K
1/21/2022,XLC,$70,put,2/18/2022,(-53d),$72.36 ,$1.25 - $1.35,$1.35 ,"16,500",$2.23M,39,17.5K
1/21/2022,SPY,$400,put,2/18/2022,(-53d),$438.53 ,$3.22 - $3.24,$3.24 ,"4,700",$1.52M,37.1K,28.4K
1/21/2022,SPY,$432,put,1/28/2022,(-74d),$438.32 ,$4.57 - $4.61,$4.60 ,"3,966",$1.82M,3.1K,10.8K
1/24/2022,IWM,$185,put,2/18/2022,(-53d),$193.82 ,$4.59 - $4.67,$4.65 ,"10,000",$4.65M,39.5K,21.8K
1/24/2022,IWM,$170,put,3/18/2022,(-25d),$193.93 ,$3.26 - $3.35,$3.31 ,"4,250",$1.41M,18.4K,4.3K
1/24/2022,SPY,$385,put,2/18/2022,(-53d),$431.32 ,$3.23 - $3.27,$3.27 ,"3,500",$1.14M,11.4K,3.8K
1/24/2022,IWM,$185,put,2/18/2022,(-53d),$193.19 ,$4.94 - $5.04,$4.99 ,"3,700",$1.85M,39.5K,37.5K
1/24/2022,IWM,$175,put,2/18/2022,(-53d),$193.29 ,$2.56 - $2.62,$2.64 ,"7,500",$1.98M,29.6K,7.7K
1/24/2022,IWM,$175,put,2/18/2022,(-53d),$193.57 ,$2.49 - $2.55,$2.55 ,"5,500",$1.4M,29.6K,13.2K
1/24/2022,QQQ,$310,put,2/18/2022,(-53d),$342.41 ,$3.71 - $3.75,$3.75 ,"3,300",$1.24M,15.1K,3.6K
1/24/2022,SPY,$380,put,2/18/2022,(-53d),$430.37 ,$3.04 - $3.06,$3.07 ,"3,700",$1.14M,40.1K,6.4K
1/24/2022,SPY,$390,put,2/18/2022,(-53d),$430.37 ,$4.03 - $4.06,$4.14 ,"3,500",$1.45M,60.5K,4.7K
1/24/2022,FCX,$42,call,2/18/2022,(-53d),$38.94 ,$1.28 - $1.33,$1.32 ,"10,000",$1.32M,6.1K,10.2K
1/24/2022,DAL,$42,call,4/14/2022,(2d),$36.65 ,$1.12 - $1.18,$1.18 ,"18,000",$2.12M,1.3K,20K
1/24/2022,AZN,$60,call,1/20/2023,(283d),$56.76 ,$3.85 - $4.10,$4.05 ,"3,900",$1.58M,5.7K,7.9K
1/24/2022,IWM,$187,put,1/28/2022,(-74d),$192.32 ,$2.84 - $2.89,$2.89 ,"9,900",$2.86M,43.8K,12.3K
1/24/2022,IWM,$191,put,1/28/2022,(-74d),$192.32 ,$4.33 - $4.39,$4.39 ,"14,000",$6.15M,589,14K
1/24/2022,QQQ,$300,put,2/18/2022,(-53d),$343.29 ,$3.68 - $3.74,$3.74 ,"5,000",$1.87M,9K,13.6K
1/24/2022,IWM,$191,put,1/28/2022,(-74d),$193.73 ,$3.95 - $4.00,$4.71 ,"14,200",$6.69M,589,33.3K
1/24/2022,IWM,$180,put,1/28/2022,(-74d),$193.73 ,$1.08 - $1.11,$1.45 ,"14,200",$2.06M,8.1K,35.8K
1/24/2022,IWM,$187,put,1/28/2022,(-74d),$193.73 ,$2.57 - $2.61,$3.17 ,"10,000",$3.17M,43.8K,26.4K
1/24/2022,ARKK,$65,put,2/18/2022,(-53d),$67.27 ,$4.45 - $4.70,$4.70 ,"2,200",$1.03M,0,3.2K
1/24/2022,UBER,$40,call,5/20/2022,(38d),$34.41 ,$2.59 - $2.67,$2.66 ,"4,296",$1.14M,4.7K,15.6K
1/24/2022,BBWI,$60,call,5/20/2022,(38d),$51.66 ,$1.72 - $3.60,$3.60 ,"10,000",$3.6M,10.1K,10K
1/24/2022,NOVA,$18,put,2/18/2022,(-53d),$18.89 ,$1.25 - $1.75,$1.50 ,"7,999",$1.2M,4.9K,8K
1/24/2022,IWM,$193,put,1/28/2022,(-74d),$193.30 ,$4.66 - $4.70,$4.70 ,"3,000",$1.41M,14.9K,11.8K
1/24/2022,HYG,$83,put,3/18/2022,(-25d),$84.92 ,$1.09 - $1.14,$1.14 ,"13,400",$1.53M,91.7K,33.5K
1/24/2022,EFA,$72,put,3/18/2022,(-25d),$74.34 ,$1.63 - $1.74,$1.70 ,"10,000",$1.7M,11.3K,10K
1/24/2022,SGMS,$60,call,2/18/2022,(-53d),$54.24 ,$1.20 - $2.25,$2.10 ,"6,000",$1.26M,10,6K
1/24/2022,SGMS,$50,put,2/18/2022,(-53d),$54.24 ,$1.90 - $2.75,$2.50 ,"6,000",$1.5M,31,6K
1/24/2022,XLF,$40,call,6/17/2022,(66d),$37.06 ,$1.21 - $1.27,$1.27 ,"9,000",$1.14M,22.7K,9.2K
1/24/2022,F,$18,put,3/18/2022,(-25d),$19.20 ,$1.35 - $1.36,$1.37 ,"21,766",$2.98M,7.5K,30.7K
1/24/2022,IWP,$90,put,2/18/2022,(-53d),$93.23 ,$2.65 - $2.95,$2.80 ,"7,500",$2.1M,12.7K,7.5K
1/24/2022,ARKF,$26,put,3/18/2022,(-25d),$28.49 ,$1.65 - $1.85,$1.82 ,"10,000",$1.82M,1,10K
1/24/2022,EWC,$36,put,2/18/2022,(-53d),$36.27 ,$0.75 - $1.15,$1.05 ,"10,000",$1.05M,19,10K
1/24/2022,ARKF,$27,put,3/18/2022,(-25d),$28.30 ,$1.95 - $2.20,$2.10 ,"6,930",$1.46M,1,9K
1/24/2022,QQQ,$290,put,2/4/2022,(-67d),$337.08 ,$1.10 - $1.13,$1.15 ,"10,000",$1.15M,595,10.6K
1/24/2022,HYG,$74,put,9/16/2022,(157d),$84.92 ,$0.90 - $1.15,$1.12 ,"10,000",$1.12M,0,10.3K
1/24/2022,IPO,$40,put,3/18/2022,(-25d),$41.44 ,$3.10 - $3.60,$3.45 ,"4,000",$1.38M,0,4.2K
1/24/2022,BAC,$45,call,2/18/2022,(-53d),$42.91 ,$0.83 - $0.84,$0.84 ,"15,000",$1.26M,10.8K,16.2K
1/24/2022,KSS,$65,call,3/18/2022,(-25d),$62.00 ,$3.80 - $4.15,$4.00 ,"2,500",$1M,7.9K,2.7K
1/24/2022,QQQ,$300,put,2/18/2022,(-53d),$336.38 ,$4.43 - $4.50,$4.50 ,"4,000",$1.8M,9K,23.4K
1/24/2022,AAPL,$120,put,6/17/2022,(66d),$155.64 ,$3.75 - $3.85,$3.80 ,"2,700",$1.03M,21.8K,3.6K
1/24/2022,MO,$50,call,2/18/2022,(-53d),$49.21 ,$1.24 - $1.29,$1.29 ,"10,000",$1.29M,5.8K,10.2K
1/24/2022,IWM,$180,put,2/18/2022,(-53d),$191.43 ,$4.20 - $4.23,$4.23 ,"4,925",$2.08M,41.9K,28.9K
1/24/2022,ORCL,$80,call,2/18/2022,(-53d),$79.70 ,$3.05 - $3.15,$3.15 ,"5,000",$1.58M,388,5K
1/24/2022,MARA,$20,put,3/18/2022,(-25d),$20.15 ,$4.15 - $4.35,$4.35 ,"2,870",$1.25M,3.2K,3.1K
1/24/2022,IWM,$220,call,3/18/2022,(-25d),$194.01 ,$1.17 - $1.21,$1.19 ,"12,000",$1.43M,33.3K,17.5K
1/24/2022,IWM,$160,put,3/18/2022,(-25d),$193.92 ,$2.19 - $2.26,$2.25 ,"5,000",$1.13M,22.9K,18K
1/24/2022,IWM,$160,put,3/18/2022,(-25d),$193.92 ,$2.19 - $2.26,$2.25 ,"5,000",$1.13M,22.9K,18K
1/24/2022,MQ,$10,put,2/18/2022,(-53d),$10.55 ,$0.90 - $1.10,$1.08 ,"15,000",$1.62M,524,15.1K
1/24/2022,IWM,$180,put,2/18/2022,(-53d),$196.04 ,$2.87 - $2.88,$2.88 ,"3,784",$1.09M,41.9K,45.5K
1/24/2022,IWM,$180,put,2/18/2022,(-53d),$195.77 ,$2.91 - $2.94,$2.93 ,"3,973",$1.16M,41.9K,55.9K
1/24/2022,BAC,$35,put,1/20/2023,(283d),$43.65 ,$2.42 - $2.48,$2.46 ,"5,500",$1.35M,48.1K,5.8K
1/24/2022,BAC,$50,call,1/20/2023,(283d),$43.65 ,$2.86 - $2.99,$2.93 ,"11,000",$3.22M,168.9K,12.3K
1/24/2022,CCJ,$24,call,3/18/2022,(-25d),$19.46 ,$0.75 - $0.77,$0.76 ,"23,000",$1.75M,31.3K,24K
1/24/2022,CCJ,$23,call,3/18/2022,(-25d),$19.46 ,$0.92 - $0.97,$0.95 ,"22,000",$2.09M,5.6K,30.3K
1/24/2022,CSCO,$48,put,3/18/2022,(-25d),$55.62 ,$0.69 - $0.73,$0.71 ,"23,000",$1.63M,130,23K
1/24/2022,MNTV,$23,call,4/14/2022,(2d),$16.69 ,$0.00 - $1.15,$1.05 ,"10,000",$1.05M,48,10K
1/24/2022,MNTV,$18,call,4/14/2022,(2d),$16.69 ,$0.95 - $2.45,$2.35 ,"10,000",$2.35M,321,10K
1/24/2022,HXL,$55,call,3/18/2022,(-25d),$51.89 ,$2.30 - $3.10,$3.00 ,"3,400",$1.02M,151,3.4K
1/24/2022,IWM,$160,put,6/17/2022,(66d),$199.09 ,$4.23 - $4.35,$4.35 ,"2,520",$1.1M,23.4K,2.8K
1/24/2022,HYG,$82,put,3/18/2022,(-25d),$85.20 ,$0.76 - $0.82,$0.81 ,"20,000",$1.62M,151.5K,33.6K
1/24/2022,IWM,$185,put,2/18/2022,(-53d),$199.31 ,$3.05 - $3.06,$3.06 ,"3,342",$1.02M,39.5K,94.3K
1/24/2022,IWM,$185,put,2/18/2022,(-53d),$199.21 ,$3.06 - $3.09,$3.08 ,"7,354",$2.27M,39.5K,120.2K
1/24/2022,IWM,$189,put,2/18/2022,(-53d),$198.87 ,$4.13 - $4.18,$4.18 ,"2,529",$1.06M,30.8K,59.7K
1/24/2022,UBER,$35,put,2/18/2022,(-53d),$35.41 ,$2.67 - $2.73,$2.70 ,"13,000",$3.51M,29.1K,14.3K
1/24/2022,IWM,$207,call,2/18/2022,(-53d),$197.61 ,$3.34 - $3.36,$3.35 ,"4,000",$1.34M,1.6K,5.4K
1/24/2022,UBER,$40,call,2/18/2022,(-53d),$35.27 ,$1.12 - $1.15,$1.15 ,"8,846",$1.02M,53.5K,22.6K
1/24/2022,MQ,$13,call,2/18/2022,(-53d),$11.09 ,$0.70 - $0.90,$0.85 ,"23,600",$2.01M,973,32K
1/24/2022,QQQ,$290,put,2/18/2022,(-53d),$347.64 ,$1.57 - $1.61,$1.60 ,"10,000",$1.6M,21.6K,12.3K
1/24/2022,SNAP,$30,put,2/18/2022,(-53d),$31.18 ,$2.92 - $3.00,$3.00 ,"10,000",$3M,7K,14.8K
1/24/2022,KSS,$65,call,3/18/2022,(-25d),$62.56 ,$4.00 - $4.60,$4.50 ,"2,500",$1.13M,7.9K,5.2K
1/24/2022,XLI,$102,call,2/4/2022,(-67d),$100.51 ,$1.15 - $1.56,$1.56 ,"10,000",$1.56M,6,10K
1/24/2022,XLC,$67,put,2/18/2022,(-53d),$71.71 ,$0.85 - $1.05,$1.00 ,"16,500",$1.65M,17.6K,17.6K
1/24/2022,ARKK,$60,put,2/18/2022,(-53d),$73.01 ,$1.70 - $1.88,$1.80 ,"8,000",$1.44M,0,11.7K
1/24/2022,EEM,$47,put,3/18/2022,(-25d),$48.29 ,$1.26 - $1.45,$1.44 ,"10,000",$1.44M,42.7K,10.6K
1/24/2022,IWM,$192,put,2/18/2022,(-53d),$201.80 ,$3.86 - $3.88,$3.87 ,"9,184",$3.55M,5.8K,11K
1/24/2022,IWM,$192,put,2/18/2022,(-53d),$201.84 ,$3.82 - $3.86,$3.87 ,"7,024",$2.72M,5.8K,29.1K
1/24/2022,SPY,$410,put,2/23/2022,(-48d),$439.42 ,$4.82 - $4.95,$4.95 ,"24,300",$12M,63,24.5K
1/24/2022,SPY,$408,put,2/18/2022,(-53d),$439.39 ,$4.11 - $4.12,$4.12 ,"6,063",$2.5M,6K,77.1K
1/25/2022,HYG,$84,put,3/18/2022,(-25d),$84.97 ,$1.28 - $1.39,$1.39 ,"22,600",$3.14M,126.6K,34.1K
1/25/2022,SPY,$495,call,4/14/2022,(2d),$429.80 ,$0.63 - $0.65,$0.65 ,"15,888",$1.03M,20.5K,19.6K
1/25/2022,BLL,$83,put,2/18/2022,(-53d),$84.33 ,$2.10 - $2.50,$2.50 ,"4,500",$1.13M,2.3K,4.5K
1/25/2022,SPY,$350,put,3/18/2022,(-25d),$429.90 ,$3.48 - $3.50,$3.49 ,"3,450",$1.2M,18.5K,4.2K
1/25/2022,C,$68,call,4/14/2022,(2d),$62.15 ,$1.56 - $1.59,$1.59 ,"10,000",$1.59M,3K,30K
1/25/2022,C,$68,call,4/14/2022,(2d),$62.15 ,$1.56 - $1.60,$1.60 ,"10,000",$1.6M,3K,20K
1/25/2022,C,$68,call,4/14/2022,(2d),$62.35 ,$1.61 - $1.65,$1.63 ,"20,000",$3.26M,3K,50K
1/25/2022,CCJ,$23,call,3/18/2022,(-25d),$19.26 ,$0.79 - $0.83,$0.83 ,"18,000",$1.49M,36.6K,18.2K
1/25/2022,C,$55,put,1/20/2023,(283d),$63.13 ,$4.55 - $4.75,$4.65 ,"3,500",$1.63M,40.3K,3.5K
1/25/2022,EW,$120,call,5/20/2022,(38d),$108.02 ,$3.80 - $4.90,$4.90 ,"5,880",$2.88M,309,5.9K
1/25/2022,SPY,$410,put,2/4/2022,(-67d),$431.16 ,$3.99 - $4.02,$4.01 ,"2,508",$1.01M,9.4K,4.2K
1/25/2022,QQQ,$350,call,1/28/2022,(-74d),$342.71 ,$4.31 - $4.34,$4.33 ,"2,452",$1.06M,6K,20.9K
1/25/2022,CTXS,$105,call,2/18/2022,(-53d),$101.21 ,$3.80 - $4.20,$4.32 ,"2,400",$1.04M,12.4K,8.2K
1/25/2022,HTA,$33,call,3/18/2022,(-25d),$31.80 ,$1.75 - $1.80,$1.95 ,"8,500",$1.66M,14.2K,10.1K
1/25/2022,HYG,$84,put,2/18/2022,(-53d),$85.02 ,$0.68 - $0.73,$0.72 ,"15,000",$1.08M,168.7K,36.2K
1/25/2022,EEM,$50,call,3/18/2022,(-25d),$47.91 ,$0.81 - $0.89,$0.88 ,"25,000",$2.2M,71.2K,25.3K
1/25/2022,EEM,$54,call,12/16/2022,(248d),$47.93 ,$1.69 - $1.99,$1.91 ,"15,000",$2.87M,5.4K,15K
1/25/2022,EEM,$54,call,9/16/2022,(157d),$47.93 ,$1.11 - $1.33,$1.33 ,"15,000",$2M,11.5K,19K
1/25/2022,IWM,$150,put,6/17/2022,(66d),$196.94 ,$3.32 - $3.42,$3.38 ,"3,500",$1.18M,11.1K,6K
1/25/2022,WMT,$145,call,6/17/2022,(66d),$137.09 ,$4.55 - $4.65,$4.65 ,"5,000",$2.33M,7.9K,5.1K
1/25/2022,SOFI,$15,call,3/18/2022,(-25d),$12.81 ,$1.31 - $1.32,$1.32 ,"10,000",$1.32M,28.9K,17K
1/25/2022,AMD,$70,put,1/20/2023,(283d),$112.63 ,$4.15 - $4.25,$4.25 ,"3,000",$1.27M,42.9K,3.4K
1/25/2022,CRM,$260,call,4/14/2022,(2d),$219.13 ,$3.20 - $3.40,$3.30 ,"3,472",$1.15M,1.4K,3.5K
1/25/2022,BAC,$45,put,2/18/2022,(-53d),$45.42 ,$1.35 - $1.36,$1.36 ,"13,000",$1.77M,23K,14.9K
1/25/2022,CCJ,$33,call,6/17/2022,(66d),$20.17 ,$0.41 - $0.54,$0.50 ,"25,000",$1.25M,175,25K
1/25/2022,SPY,$427,put,1/28/2022,(-74d),$439.59 ,$2.31 - $2.32,$2.33 ,"15,000",$3.5M,3.5K,26K
1/25/2022,QQQ,$366,call,2/18/2022,(-53d),$350.01 ,$4.65 - $4.72,$4.72 ,"5,000",$2.36M,2.8K,5.6K
1/25/2022,EFA,$70,put,4/14/2022,(2d),$75.41 ,$1.26 - $1.42,$1.38 ,"8,500",$1.17M,119,8.5K
1/25/2022,EWC,$35,put,1/20/2023,(283d),$37.71 ,$2.45 - $3.30,$3.20 ,"13,500",$4.32M,25K,20K
1/25/2022,EWC,$30,put,1/20/2023,(283d),$37.71 ,$1.25 - $1.90,$1.90 ,"13,500",$2.57M,20K,20K
1/25/2022,PAGS,$25,call,3/18/2022,(-25d),$20.75 ,$1.00 - $1.15,$1.15 ,"12,500",$1.44M,400,25.2K
1/25/2022,XLE,$70,call,4/14/2022,(2d),$65.41 ,$1.96 - $2.01,$2.00 ,"25,000",$5M,2.1K,25.8K
1/25/2022,XLE,$75,call,4/14/2022,(2d),$65.41 ,$0.85 - $0.87,$0.87 ,"25,000",$2.17M,139,25.5K
1/25/2022,SCHW,$90,call,3/18/2022,(-25d),$89.06 ,$3.95 - $4.15,$4.10 ,"3,500",$1.43M,1.1K,3.5K
1/25/2022,EWC,$30,put,1/20/2023,(283d),$37.48 ,$1.30 - $1.85,$1.70 ,"13,500",$2.3M,20K,20K
1/25/2022,EWC,$35,put,1/20/2023,(283d),$37.52 ,$2.45 - $3.20,$3.00 ,"13,500",$4.05M,25K,20K
1/26/2022,ARKF,$31,put,2/18/2022,(-53d),$31.26 ,$1.80 - $2.20,$2.20 ,"14,976",$3.29M,16.4K,15K
1/26/2022,EEM,$39,put,6/17/2022,(66d),$48.35 ,$0.46 - $0.76,$0.63 ,"18,952",$1.19M,37.9K,19K
1/26/2022,SPY,$380,put,2/18/2022,(-53d),$442.05 ,$1.17 - $1.19,$1.20 ,"8,497",$1.02M,46.7K,15.5K
1/26/2022,XOP,$105,put,2/18/2022,(-53d),$108.29 ,$3.90 - $4.35,$4.30 ,"2,500",$1.08M,2.9K,2.5K
1/26/2022,EEM,$44,put,3/18/2022,(-25d),$48.18 ,$0.51 - $0.57,$0.54 ,"20,000",$1.08M,68.8K,20K
1/26/2022,EEM,$46,put,3/18/2022,(-25d),$48.18 ,$0.92 - $0.97,$0.95 ,"20,000",$1.9M,15.5K,20K
1/26/2022,IWM,$195,put,2/18/2022,(-53d),$200.77 ,$4.85 - $4.87,$4.87 ,"2,100",$1.02M,30.7K,3.5K
1/26/2022,IWM,$195,put,2/18/2022,(-53d),$200.77 ,$4.85 - $4.87,$4.88 ,"2,400",$1.17M,30.7K,5.9K
1/26/2022,WFC,$55,call,3/18/2022,(-25d),$53.90 ,$2.04 - $2.08,$2.08 ,"9,000",$1.87M,16.6K,9.8K
1/26/2022,GM,$58,call,3/18/2022,(-25d),$52.82 ,$1.86 - $1.96,$1.95 ,"9,000",$1.76M,20.1K,17K
1/26/2022,CLF,$20,call,7/15/2022,(94d),$16.56 ,$1.63 - $1.67,$1.65 ,"10,000",$1.65M,5.6K,10.5K
1/26/2022,XRT,$75,put,3/18/2022,(-25d),$80.53 ,$2.68 - $2.86,$2.83 ,"5,000",$1.42M,11K,5K
1/26/2022,HYG,$84,put,4/14/2022,(2d),$85.43 ,$1.33 - $1.43,$1.39 ,"22,500",$3.13M,13.7K,25K
1/26/2022,VXX,$65,call,6/17/2022,(66d),$22.72 ,$1.94 - $2.03,$2.08 ,"4,900",$1.02M,161,4.9K
1/26/2022,IMAB,$25,put,2/18/2022,(-53d),$26.58 ,$1.25 - $2.45,$2.00 ,"5,000",$1M,1K,5K
1/26/2022,EWZ,$34,call,3/18/2022,(-25d),$30.97 ,$0.49 - $0.53,$0.52 ,"26,666",$1.39M,7.7K,26.7K
1/26/2022,HYG,$85,put,5/20/2022,(38d),$85.42 ,$2.13 - $2.31,$2.29 ,"7,200",$1.65M,9.8K,7.2K
1/26/2022,ITB,$80,call,7/15/2022,(94d),$70.65 ,$2.25 - $2.45,$2.50 ,"7,480",$1.87M,105,7.5K
1/26/2022,PFE,$47,put,9/16/2022,(157d),$53.16 ,$2.87 - $2.98,$2.97 ,"5,000",$1.49M,3.4K,5K
1/26/2022,KSS,$65,call,3/18/2022,(-25d),$61.51 ,$4.15 - $4.30,$4.30 ,"2,500",$1.08M,5.9K,2.5K
1/26/2022,CMCSA,$50,call,3/18/2022,(-25d),$49.16 ,$2.03 - $2.07,$2.06 ,"5,000",$1.03M,24.6K,5.2K
1/26/2022,ITB,$80,call,7/15/2022,(94d),$71.15 ,$2.35 - $2.50,$2.50 ,"7,419",$1.85M,105,7.4K
1/26/2022,AFRM,$75,call,2/18/2022,(-53d),$59.21 ,$2.49 - $2.64,$2.60 ,"10,000",$2.6M,19.4K,15.2K
1/26/2022,CPNG,$18,put,1/20/2023,(283d),$18.94 ,$3.25 - $3.45,$3.45 ,"8,700",$3M,210,18.9K
1/26/2022,CPNG,$28,call,1/20/2023,(283d),$18.94 ,$1.69 - $1.81,$1.80 ,"8,700",$1.57M,2.9K,18.9K
1/26/2022,PFE,$55,call,3/18/2022,(-25d),$53.05 ,$1.86 - $1.88,$1.87 ,"7,500",$1.4M,33K,8.6K
1/26/2022,INTC,$53,call,6/17/2022,(66d),$52.27 ,$4.25 - $4.40,$4.33 ,"2,500",$1.08M,7.8K,2.7K
1/26/2022,T,$25,call,3/18/2022,(-25d),$24.55 ,$0.80 - $0.84,$0.82 ,"23,000",$1.89M,40K,32.8K
1/26/2022,XLE,$69,call,3/18/2022,(-25d),$66.14 ,$2.07 - $2.15,$2.25 ,"16,100",$3.62M,7.2K,16.3K
1/26/2022,XLE,$74,call,3/18/2022,(-25d),$66.16 ,$0.77 - $0.81,$0.89 ,"16,100",$1.43M,81,16.2K
1/26/2022,SPY,$400,put,2/11/2022,(-60d),$441.04 ,$1.77 - $1.79,$1.79 ,"10,000",$1.79M,5.9K,10.8K
1/26/2022,SPY,$415,put,2/11/2022,(-60d),$441.04 ,$3.35 - $3.38,$3.40 ,"14,000",$4.76M,35.7K,14.3K
1/26/2022,TSM,$125,put,2/18/2022,(-53d),$125.74 ,$4.55 - $4.70,$4.65 ,"5,500",$2.56M,6.1K,5.7K
1/26/2022,IWM,$194,put,2/4/2022,(-67d),$201.67 ,$2.40 - $2.49,$2.49 ,"5,400",$1.34M,1.9K,6.8K
1/26/2022,CCL,$23,call,4/14/2022,(2d),$20.86 ,$1.47 - $1.49,$1.53 ,"8,500",$1.3M,8.7K,10.8K
1/26/2022,BNS,$60,put,1/19/2024,(647d),$71.99 ,$3.00 - $4.90,$4.90 ,"3,500",$1.72M,3.5K,3.5K
1/26/2022,VXX,$24,call,2/4/2022,(-67d),$23.28 ,$2.11 - $2.31,$2.35 ,"6,000",$1.41M,1.6K,30.6K
1/26/2022,IWM,$197,put,2/4/2022,(-67d),$199.32 ,$4.22 - $4.32,$4.42 ,"10,800",$4.77M,3.1K,36.6K
1/26/2022,LQD,$125,put,3/18/2022,(-25d),$127.47 ,$1.02 - $1.20,$1.12 ,"10,000",$1.12M,110.5K,15K
1/26/2022,UPS,$220,call,3/18/2022,(-25d),$198.44 ,$2.12 - $2.48,$2.30 ,"10,000",$2.3M,12.6K,10.3K
1/26/2022,IWM,$188,put,2/18/2022,(-53d),$193.98 ,$4.90 - $4.97,$4.97 ,"4,200",$2.09M,34.7K,79K
1/26/2022,AX,$50,put,2/18/2022,(-53d),$53.02 ,$1.50 - $1.95,$1.75 ,"8,000",$1.4M,11K,8.2K
1/26/2022,XLE,$68,call,3/18/2022,(-25d),$65.20 ,$2.16 - $2.25,$2.25 ,"14,259",$3.21M,10.7K,15K
1/26/2022,ARKK,$80,call,2/18/2022,(-53d),$69.45 ,$1.45 - $1.54,$1.55 ,"8,000",$1.24M,7.1K,35K
1/26/2022,IWM,$185,put,2/18/2022,(-53d),$195.44 ,$3.40 - $3.45,$3.43 ,"3,000",$1.03M,43.3K,7.2K
1/26/2022,SPY,$467,call,3/18/2022,(-25d),$432.56 ,$2.17 - $2.23,$2.20 ,"14,000",$3.08M,5.1K,21.6K
1/26/2022,ARKK,$80,call,2/18/2022,(-53d),$68.80 ,$1.44 - $1.50,$1.55 ,"7,000",$1.09M,7.1K,34.6K
1/27/2022,AAPL,$165,call,1/28/2022,(-74d),$162.81 ,$2.18 - $2.20,$2.20 ,"4,723",$1.04M,26.8K,15.5K
1/27/2022,IWM,$197,put,2/4/2022,(-67d),$199.24 ,$3.75 - $3.81,$3.78 ,"3,500",$1.32M,35K,3.6K
1/27/2022,GLD,$194,call,1/20/2023,(283d),$168.88 ,$4.10 - $4.20,$4.20 ,"4,000",$1.68M,735,4K
1/27/2022,RIVN,$90,call,5/20/2022,(38d),$56.88 ,$3.05 - $4.40,$4.35 ,"2,500",$1.09M,58,2.5K
1/27/2022,ABBV,$140,call,3/18/2022,(-25d),$137.51 ,$3.85 - $4.00,$4.00 ,"6,836",$2.73M,454,8.2K
1/27/2022,HYG,$81,put,4/14/2022,(2d),$85.05 ,$0.74 - $0.84,$0.81 ,"15,372",$1.25M,65.4K,15.4K
1/27/2022,HTA,$33,call,3/18/2022,(-25d),$32.20 ,$1.80 - $2.10,$2.05 ,"5,000",$1.02M,30.9K,5.5K
1/27/2022,IWM,$190,put,2/18/2022,(-53d),$195.48 ,$4.56 - $4.62,$4.59 ,"4,000",$1.84M,23.3K,8.3K
1/27/2022,EEM,$50,call,3/18/2022,(-25d),$47.34 ,$0.62 - $0.73,$0.73 ,"25,000",$1.83M,5.7K,25K
1/27/2022,SNAP,$29,put,4/14/2022,(2d),$29.45 ,$3.85 - $3.95,$3.90 ,"3,000",$1.17M,1.4K,3K
1/27/2022,RIVN,$80,call,5/20/2022,(38d),$54.56 ,$4.40 - $4.75,$4.75 ,"2,500",$1.19M,98,5K
1/27/2022,XLF,$37,put,5/20/2022,(38d),$38.77 ,$1.55 - $1.58,$1.57 ,"7,564",$1.19M,20K,16.8K
1/27/2022,XLF,$37,put,4/14/2022,(2d),$38.77 ,$1.24 - $1.26,$1.25 ,"9,455",$1.18M,11.1K,21.2K
1/27/2022,XLF,$40,call,9/16/2022,(157d),$38.77 ,$2.30 - $2.46,$2.40 ,"5,000",$1.2M,154,5K
1/27/2022,IWM,$205,call,3/18/2022,(-25d),$193.87 ,$3.86 - $3.93,$3.92 ,"3,000",$1.18M,10.9K,5.5K
1/27/2022,LQD,$129,call,2/18/2022,(-53d),$127.84 ,$0.58 - $0.64,$0.67 ,"20,000",$1.34M,20.1K,40K
1/27/2022,BAC,$47,call,10/21/2022,(192d),$45.89 ,$3.85 - $4.00,$4.00 ,"3,000",$1.2M,536,3K
1/27/2022,BAC,$50,call,1/20/2023,(283d),$45.72 ,$3.25 - $3.45,$3.40 ,"3,600",$1.22M,175.2K,4.2K
1/27/2022,SGMS,$65,call,5/20/2022,(38d),$55.50 ,$3.70 - $4.50,$4.40 ,"5,000",$2.2M,0,5K
1/27/2022,HYG,$81,put,4/14/2022,(2d),$84.48 ,$0.87 - $1.10,$1.04 ,"20,000",$2.08M,65.4K,35.4K
1/27/2022,IWM,$165,put,3/18/2022,(-25d),$192.04 ,$2.46 - $2.49,$2.53 ,"4,686",$1.19M,9.3K,9.8K
1/27/2022,ARKK,$65,put,2/11/2022,(-60d),$67.00 ,$3.25 - $3.60,$3.45 ,"5,000",$1.73M,247,5.2K
1/27/2022,IWM,$182,put,2/18/2022,(-53d),$191.91 ,$3.56 - $3.59,$3.59 ,"9,860",$3.54M,271,32.3K
1/27/2022,RUN,$30,call,3/18/2022,(-25d),$23.47 ,$1.22 - $1.32,$1.27 ,"10,000",$1.27M,754,10.2K
1/27/2022,GDX,$30,call,9/16/2022,(157d),$29.72 ,$3.00 - $3.15,$3.10 ,"5,000",$1.55M,431,5K
1/27/2022,PFE,$55,call,3/18/2022,(-25d),$53.63 ,$2.19 - $2.27,$2.24 ,"5,000",$1.12M,36.6K,6.4K
1/27/2022,LCID,$29,call,3/18/2022,(-25d),$28.53 ,$4.55 - $4.70,$4.70 ,"4,000",$1.88M,2,5K
1/27/2022,CCL,$30,call,1/19/2024,(647d),$19.09 ,$2.59 - $2.87,$3.00 ,"13,499",$4.05M,5.7K,15.1K
1/27/2022,LCID,$29,call,3/18/2022,(-25d),$28.82 ,$4.70 - $4.90,$4.90 ,"4,000",$1.96M,2,9K
1/27/2022,FCX,$42,call,3/18/2022,(-25d),$37.18 ,$1.02 - $1.09,$1.08 ,"10,000",$1.08M,6.6K,10.4K
1/27/2022,IWM,$186,put,2/18/2022,(-53d),$191.29 ,$4.77 - $4.79,$4.79 ,"3,850",$1.84M,8.5K,6.5K
1/27/2022,PINS,$40,call,1/20/2023,(283d),$26.72 ,$2.64 - $2.85,$2.77 ,"15,456",$4.28M,5.9K,16.4K
1/27/2022,JNJ,$175,call,4/14/2022,(2d),$170.95 ,$3.60 - $3.95,$3.95 ,"5,000",$1.98M,4.2K,6.7K
1/27/2022,HYG,$82,put,5/20/2022,(38d),$84.47 ,$1.52 - $1.72,$1.72 ,"9,250",$1.59M,5.1K,9.3K
1/27/2022,IWM,$165,put,3/18/2022,(-25d),$191.56 ,$2.38 - $2.42,$2.40 ,"4,730",$1.14M,9.3K,14.8K
1/27/2022,IWM,$200,call,3/18/2022,(-25d),$191.56 ,$4.95 - $5.00,$5.00 ,"4,730",$2.37M,10.9K,18.3K
1/28/2022,XLE,$64,put,2/4/2022,(-67d),$65.72 ,$0.87 - $0.97,$0.97 ,"18,000",$1.75M,2.9K,20.1K
1/28/2022,XLNX,$135,put,3/18/2022,(-25d),$169.91 ,$3.95 - $4.75,$4.40 ,"4,200",$1.85M,4.6K,4.2K
1/28/2022,HYG,$79,put,4/14/2022,(2d),$84.09 ,$0.76 - $0.82,$0.82 ,"12,462",$1.02M,4.7K,14K
1/28/2022,HYG,$82,put,4/14/2022,(2d),$84.09 ,$1.29 - $1.44,$1.42 ,"12,462",$1.77M,31.8K,14K
1/28/2022,IYR,$100,put,2/11/2022,(-60d),$101.04 ,$1.82 - $2.03,$2.03 ,"5,000",$1.01M,3.5K,8.5K
1/28/2022,ARKK,$60,put,2/18/2022,(-53d),$64.90 ,$2.96 - $3.15,$3.09 ,"4,943",$1.53M,10.8K,5.2K
1/28/2022,IWM,$190,put,2/4/2022,(-67d),$190.02 ,$4.44 - $4.56,$4.78 ,"2,885",$1.38M,24K,35.8K
1/28/2022,IWM,$190,put,2/4/2022,(-67d),$190.02 ,$4.44 - $4.56,$4.82 ,"3,500",$1.69M,24K,32.9K
1/28/2022,IWM,$190,put,2/4/2022,(-67d),$190.02 ,$4.44 - $4.56,$4.79 ,"11,540",$5.53M,24K,29.4K
1/28/2022,IWM,$190,put,2/4/2022,(-67d),$190.02 ,$4.44 - $4.56,$4.82 ,"14,000",$6.75M,24K,17.9K
1/28/2022,IWM,$180,put,2/4/2022,(-67d),$190.02 ,$1.32 - $1.38,$1.48 ,"14,000",$2.07M,16.1K,16.9K
1/28/2022,FCX,$38,call,5/20/2022,(38d),$35.34 ,$2.74 - $2.88,$2.83 ,"3,900",$1.1M,535,3.9K
1/28/2022,FCX,$37,call,3/18/2022,(-25d),$35.33 ,$1.92 - $2.02,$2.01 ,"5,702",$1.15M,1.1K,6.3K
1/28/2022,RIVN,$75,call,5/20/2022,(38d),$51.43 ,$4.45 - $4.85,$4.84 ,"2,071",$1M,94,3K
1/28/2022,TSP,$14,put,3/18/2022,(-25d),$15.14 ,$1.90 - $2.05,$2.05 ,"6,000",$1.23M,81,6K
1/28/2022,SPHB,$68,put,2/18/2022,(-53d),$70.32 ,$0.60 - $3.40,$2.25 ,"10,000",$2.25M,0,10K
1/28/2022,XLE,$64,put,2/4/2022,(-67d),$65.11 ,$1.10 - $1.15,$1.22 ,"17,000",$2.07M,2.9K,42.5K
1/28/2022,ONON,$23,put,7/15/2022,(94d),$23.53 ,$3.40 - $3.90,$3.70 ,"3,000",$1.11M,866,3K
1/28/2022,TCOM,$27,call,6/17/2022,(66d),$24.43 ,$2.20 - $2.45,$2.37 ,"9,292",$2.2M,690,10K
1/28/2022,TCOM,$30,call,6/17/2022,(66d),$24.43 ,$1.40 - $1.50,$1.45 ,"9,292",$1.35M,12.6K,10K
1/28/2022,UBER,$35,call,2/18/2022,(-53d),$33.83 ,$1.95 - $2.00,$2.00 ,"6,500",$1.3M,46.3K,21.5K
1/28/2022,TWTR,$40,call,4/14/2022,(2d),$35.01 ,$1.80 - $1.92,$1.89 ,"10,000",$1.89M,616,10.1K
1/28/2022,UAL,$50,call,5/20/2022,(38d),$39.77 ,$1.32 - $1.39,$1.39 ,"9,292",$1.29M,302,10K
1/28/2022,UBER,$35,call,2/18/2022,(-53d),$34.24 ,$2.20 - $2.23,$2.22 ,"5,000",$1.11M,46.3K,26.9K
1/28/2022,AAL,$14,put,6/17/2022,(66d),$15.35 ,$1.31 - $1.35,$1.35 ,"25,500",$3.44M,48.1K,30K
1/28/2022,UBER,$35,call,2/18/2022,(-53d),$34.31 ,$2.22 - $2.28,$2.28 ,"7,000",$1.6M,46.3K,37K
1/28/2022,HYG,$77,put,5/20/2022,(38d),$84.47 ,$0.74 - $0.85,$0.85 ,"30,000",$2.55M,40.2K,31.1K
1/28/2022,IWM,$215,call,3/18/2022,(-25d),$192.90 ,$1.08 - $1.11,$1.11 ,"30,400",$3.37M,22K,31.1K
1/28/2022,LQD,$125,put,3/18/2022,(-25d),$127.56 ,$0.92 - $1.03,$1.04 ,"21,585",$2.24M,117.4K,24.1K
1/28/2022,SPY,$375,put,2/28/2022,(-43d),$435.67 ,$1.82 - $1.84,$1.86 ,"6,000",$1.12M,1.2K,7K
1/28/2022,SPY,$400,put,2/28/2022,(-43d),$435.67 ,$3.93 - $3.97,$3.99 ,"8,000",$3.19M,726,8.6K
1/28/2022,HYG,$82,put,6/17/2022,(66d),$84.28 ,$1.88 - $2.26,$2.13 ,"10,000",$2.13M,38.6K,10K
1/28/2022,SPY,$380,put,2/18/2022,(-53d),$434.81 ,$1.51 - $1.52,$1.52 ,"7,500",$1.14M,61.4K,11.5K
1/28/2022,USFD,$35,call,7/15/2022,(94d),$33.62 ,$2.85 - $3.50,$3.25 ,"8,500",$2.76M,21,10K
1/28/2022,SPY,$410,put,2/18/2022,(-53d),$435.75 ,$4.19 - $4.21,$4.20 ,"2,485",$1.04M,43.1K,6.8K
1/28/2022,PFE,$53,put,3/18/2022,(-25d),$54.27 ,$1.96 - $2.00,$2.00 ,"20,000",$4M,15,20.1K
1/28/2022,CVX,$135,call,3/18/2022,(-25d),$129.56 ,$2.73 - $2.78,$2.78 ,"7,500",$2.09M,5.3K,10K
1/28/2022,JNJ,$175,call,3/18/2022,(-25d),$171.20 ,$2.36 - $2.48,$2.48 ,"6,000",$1.49M,6.4K,6.1K
1/28/2022,LQD,$126,put,2/18/2022,(-53d),$127.44 ,$0.65 - $0.81,$0.73 ,"20,000",$1.46M,47.1K,20K
1/28/2022,EEM,$46,put,3/17/2023,(339d),$46.93 ,$2.13 - $4.75,$4.45 ,"5,000",$2.23M,55,5K
1/28/2022,ASHR,$38,call,4/14/2022,(2d),$35.91 ,$0.55 - $0.60,$0.60 ,"87,000",$5.22M,557,87K
1/28/2022,IWM,$187,put,2/4/2022,(-67d),$191.47 ,$2.35 - $2.38,$2.44 ,"10,800",$2.64M,14.8K,18.2K
1/28/2022,SNAP,$32,call,3/18/2022,(-25d),$29.73 ,$2.79 - $2.87,$2.87 ,"3,488",$1M,470,5K
1/28/2022,HYG,$83,put,5/20/2022,(38d),$84.31 ,$1.90 - $2.20,$2.10 ,"10,000",$2.1M,600,10K
1/28/2022,USFD,$35,call,7/15/2022,(94d),$33.82 ,$3.00 - $3.60,$3.32 ,"4,500",$1.49M,21,14.8K
1/28/2022,NCLH,$25,call,1/20/2023,(283d),$19.18 ,$2.38 - $2.42,$2.42 ,"5,000",$1.21M,32.2K,6.2K
1/28/2022,EFA,$75,call,3/18/2022,(-25d),$74.31 ,$1.61 - $1.79,$1.72 ,"10,000",$1.72M,4.6K,10K
1/28/2022,IWM,$182,put,2/18/2022,(-53d),$194.80 ,$2.30 - $2.30,$2.30 ,"4,430",$1.02M,35.5K,14.6K
1/28/2022,IWM,$185,put,2/18/2022,(-53d),$194.84 ,$2.92 - $2.97,$2.97 ,"9,703",$2.88M,46.4K,40.2K
1/28/2022,SPY,$412,put,2/18/2022,(-53d),$441.84 ,$3.13 - $3.15,$3.14 ,"4,338",$1.36M,35.2K,27.8K
1/28/2022,SPY,$422,put,2/18/2022,(-53d),$441.84 ,$4.69 - $4.74,$4.74 ,"5,385",$2.55M,9.8K,24.1K
1/28/2022,QQQ,$370,call,2/18/2022,(-53d),$351.90 ,$2.63 - $2.64,$2.65 ,"4,060",$1.08M,16K,15.3K
1/31/2022,AAPL,$170,put,2/4/2022,(-67d),$170.17 ,$3.00 - $3.05,$3.05 ,"5,000",$1.53M,27.6K,5.1K
1/31/2022,SPY,$425,put,2/11/2022,(-60d),$443.87 ,$2.91 - $2.93,$2.92 ,"4,688",$1.37M,15K,10.2K
1/31/2022,SPY,$455,call,2/18/2022,(-53d),$445.73 ,$4.69 - $4.72,$4.71 ,"5,000",$2.36M,16.1K,5.9K
1/31/2022,SPY,$465,call,2/18/2022,(-53d),$445.40 ,$1.68 - $1.70,$1.70 ,"7,500",$1.27M,28.5K,9K
1/31/2022,HYG,$83,put,3/18/2022,(-25d),$84.40 ,$1.10 - $1.15,$1.13 ,"9,500",$1.07M,160.4K,17.2K
1/31/2022,ARKK,$64,put,3/18/2022,(-25d),$72.88 ,$2.76 - $2.85,$2.85 ,"4,144",$1.18M,11.5K,5.3K
1/31/2022,EEM,$51,call,3/18/2022,(-25d),$48.35 ,$0.37 - $0.40,$0.39 ,"31,296",$1.22M,13.1K,31.3K
1/31/2022,EEM,$44,put,3/18/2022,(-25d),$48.35 ,$0.39 - $0.42,$0.41 ,"31,296",$1.28M,80.5K,31.3K
1/31/2022,EFA,$75,put,2/18/2022,(-53d),$75.05 ,$1.26 - $1.34,$1.30 ,"8,000",$1.04M,61.1K,21K
1/31/2022,EFA,$73,put,4/14/2022,(2d),$75.10 ,$1.75 - $1.81,$1.78 ,"8,155",$1.45M,13.3K,46.2K
1/31/2022,EFA,$75,put,2/18/2022,(-53d),$75.10 ,$1.23 - $1.29,$1.26 ,"8,155",$1.03M,61.1K,46.2K
1/31/2022,PLTR,$17,call,9/16/2022,(157d),$13.49 ,$1.38 - $1.46,$1.42 ,"9,000",$1.28M,556,9K
1/31/2022,IWM,$180,put,4/14/2022,(2d),$197.95 ,$4.53 - $4.58,$4.57 ,"3,500",$1.6M,6.5K,3.8K
1/31/2022,SPY,$440,put,2/4/2022,(-67d),$446.65 ,$2.82 - $2.84,$2.84 ,"5,000",$1.42M,11.5K,18.4K
1/31/2022,IYR,$104,put,2/11/2022,(-60d),$105.75 ,$1.05 - $1.13,$1.12 ,"14,000",$1.57M,3.6K,14K
1/31/2022,PG,$160,call,3/18/2022,(-25d),$159.94 ,$4.10 - $4.30,$4.30 ,"4,000",$1.72M,3.3K,4.1K
1/31/2022,ABBV,$135,put,3/18/2022,(-25d),$135.94 ,$4.35 - $4.50,$4.50 ,"3,250",$1.46M,319,3.4K
1/31/2022,MU,$80,put,3/18/2022,(-25d),$80.98 ,$4.50 - $4.60,$4.60 ,"9,000",$4.14M,11K,10K
1/31/2022,DT,$50,put,2/18/2022,(-53d),$54.59 ,$2.00 - $2.30,$2.30 ,"4,650",$1.07M,1.4K,4.7K
1/31/2022,EEM,$47,put,11/18/2022,(220d),$48.47 ,$3.20 - $3.55,$3.49 ,"11,225",$3.92M,0,11.2K
1/31/2022,HTA,$33,call,4/14/2022,(2d),$32.15 ,$2.00 - $2.55,$2.38 ,"8,500",$2.02M,2K,10K
1/31/2022,LQD,$125,put,3/18/2022,(-25d),$127.48 ,$1.00 - $1.06,$1.03 ,"10,000",$1.03M,114.6K,11.7K
1/31/2022,LQD,$120,put,6/17/2022,(66d),$127.48 ,$1.10 - $1.26,$1.21 ,"10,000",$1.21M,10.8K,10K
1/31/2022,C,$55,put,9/16/2022,(157d),$64.95 ,$2.64 - $2.75,$2.72 ,"5,000",$1.36M,2K,5K
1/31/2022,QQQ,$240,put,6/17/2022,(66d),$360.04 ,$2.03 - $2.09,$2.07 ,"8,000",$1.66M,4.5K,12K
1/31/2022,INTC,$50,call,3/18/2022,(-25d),$48.06 ,$1.21 - $1.22,$1.22 ,"17,000",$2.07M,15.6K,48.6K
1/31/2022,NCLH,$25,call,1/20/2023,(283d),$20.72 ,$3.00 - $3.10,$3.06 ,"5,000",$1.53M,36.1K,5.6K
1/31/2022,RCII,$40,put,3/18/2022,(-25d),$42.99 ,$2.30 - $2.60,$2.55 ,"4,096",$1.04M,110,5K
1/31/2022,KSS,$65,call,3/18/2022,(-25d),$59.63 ,$2.40 - $2.87,$2.87 ,"4,048",$1.16M,3.4K,5K
1/31/2022,BAC,$45,put,1/20/2023,(283d),$46.11 ,$4.75 - $4.85,$4.82 ,"2,500",$1.21M,39.9K,3.1K
1/31/2022,QQQ,$365,call,2/4/2022,(-67d),$360.07 ,$2.64 - $2.67,$2.66 ,"4,429",$1.18M,26.3K,16.7K
1/31/2022,NCLH,$21,call,2/18/2022,(-53d),$20.75 ,$1.03 - $1.07,$1.07 ,"19,000",$2.03M,1.3K,19.2K
1/31/2022,CLF,$17,put,2/18/2022,(-53d),$17.02 ,$1.10 - $1.12,$1.12 ,"17,650",$1.98M,5.4K,17.9K
1/31/2022,HYG,$81,put,6/17/2022,(66d),$84.59 ,$1.58 - $1.74,$1.68 ,"10,000",$1.68M,35.4K,10K
1/31/2022,AAPL,$175,call,2/18/2022,(-53d),$173.36 ,$3.45 - $3.50,$3.48 ,"4,000",$1.39M,44.7K,25.7K
1/31/2022,QQQ,$315,put,3/18/2022,(-25d),$360.99 ,$3.23 - $3.26,$3.26 ,"5,000",$1.63M,198.9K,11.8K
1/31/2022,QQQ,$355,put,2/4/2022,(-67d),$361.01 ,$2.93 - $2.96,$2.96 ,"4,525",$1.34M,2.1K,14.3K
1/31/2022,SPY,$430,put,2/18/2022,(-53d),$448.07 ,$3.79 - $3.83,$3.83 ,"5,300",$2.03M,61.8K,18.2K
1/31/2022,SPY,$460,call,2/18/2022,(-53d),$448.07 ,$3.02 - $3.04,$3.03 ,"4,000",$1.21M,32.2K,16.1K
1/31/2022,HYG,$81,put,6/17/2022,(66d),$84.48 ,$1.65 - $1.78,$1.72 ,"10,000",$1.72M,35.4K,30K
1/31/2022,IWM,$210,call,4/14/2022,(2d),$198.63 ,$4.12 - $4.16,$4.15 ,"4,000",$1.66M,513,4.1K
1/31/2022,ARKG,$45,put,4/14/2022,(2d),$48.70 ,$3.00 - $3.10,$3.10 ,"3,932",$1.22M,380,4K
1/31/2022,HYG,$77,put,5/20/2022,(38d),$84.47 ,$0.75 - $0.85,$0.85 ,"30,000",$2.55M,70.6K,48K
1/31/2022,GLD,$215,call,9/16/2022,(157d),$167.89 ,$0.90 - $0.93,$0.93 ,"11,300",$1.05M,25.4K,11.3K
1/31/2022,SPY,$460,call,2/18/2022,(-53d),$449.48 ,$3.43 - $3.45,$3.45 ,"5,000",$1.73M,32.2K,27.6K
1/31/2022,SPY,$460,call,2/18/2022,(-53d),$450.11 ,$3.60 - $3.62,$3.63 ,"5,000",$1.82M,32.2K,32.8K
1/31/2022,IWM,$195,put,2/18/2022,(-53d),$200.99 ,$3.32 - $3.36,$3.35 ,"3,000",$1M,28.2K,7.9K
,,,,,,,,,,,,
,,,,,,,,,,,,
